cas,name,canonical_smiles,row_index,model_name,feature_group,actual_logbcf,predicted_logbcf,residual,absolute_error,maximum_tanimoto_similarity,nearest_training_smiles,nearest_training_name,nearest_training_cas,applicability_domain_status
1502-22-3,,O=C1CCCCC1C1=CCCCC1,0,xgboost,combined,0.65,1.8087399005889893,-1.1587399005889891,1.1587399005889891,0.2,O=C1CCCCCCCCCCCN1,,947-04-6,out_of_domain
767-00-0,,N#Cc1ccc(O)cc1,1,xgboost,combined,0.91,0.6834033131599426,0.2265966868400574,0.2265966868400574,0.6875,N#Cc1ccc(C#N)cc1,Therephthalonitrile,623-26-7,in_domain
78-51-3,"Ethanol,2-butoxy-,phosphate (3:1)",CCCCOCCOP(=O)(OCCOCCCC)OCCOCCCC,2,xgboost,combined,0.67,1.302140712738037,-0.6321407127380371,0.6321407127380371,0.7272727272727273,CCCCOP(=O)(OCCCC)OCCCC,Tri-n-butyl phosphate,126-73-8,in_domain
95-95-4,"2,4,5-Trichlorophenol",Oc1cc(Cl)c(Cl)cc1Cl,3,xgboost,combined,2.6,2.1939191818237305,0.4060808181762696,0.4060808181762696,0.5714285714285714,Clc1cc(Cl)c(Cl)cc1Cl,"1,2,4,5-Tetrachlorobenzene",95-94-3,in_domain
108-88-3,,Cc1ccccc1,4,xgboost,combined,0.92,1.128197193145752,-0.2081971931457519,0.2081971931457519,0.5833333333333334,Cc1ccc(C)cc1,,106-42-3,in_domain
30746-58-8,"1,2,3,4-tetrachloroDibenzo-p-dioxin",Clc1c(Cl)c(Cl)c2c(c1Cl)Oc1ccccc1O2,5,xgboost,combined,3.48,3.5786848068237305,-0.0986848068237304,0.0986848068237304,0.64,Clc1cc(Cl)c2c(c1Cl)Oc1ccccc1O2,"1,2,4-trichloroDibenzo-p-dioxin",39227-58-2,in_domain
126-72-7,"Tris(2,3-dibromopropyl)phosphate",O=P(OCC(Br)CBr)(OCC(Br)CBr)OCC(Br)CBr,6,xgboost,combined,0.45,1.829411864280701,-1.3794118642807007,1.3794118642807007,0.3870967741935484,CCCCC(CC)COP(=O)(OCC(CC)CCCC)OCC(CC)CCCC,Tris(2-ethylhexyl)phosphate,78-42-2,out_of_domain
95-16-9,Benzothiazole,c1ccc2scnc2c1,7,xgboost,combined,0.8,0.8615117073059082,-0.0615117073059081,0.0615117073059081,0.3793103448275862,Sc1nc2ccccc2s1,2-Mercaptobenzothiazole,149-30-4,out_of_domain
22907-72-8,"1,4-Diisopropyl cyclohexane",CC(C)C1CCC(C(C)C)CC1,8,xgboost,combined,3.5,3.438021659851074,0.0619783401489257,0.0619783401489257,0.2916666666666667,CC(C)C1CCCC2CCCCC21,Isopropyldecalin,29690-50-9,out_of_domain
41464-40-8,"2,2'',4,5''-Tretrachlorobiphenyl",Clc1ccc(-c2cc(Cl)ccc2Cl)c(Cl)c1,9,xgboost,combined,4.26,4.487335681915283,-0.2273356819152834,0.2273356819152834,0.7894736842105263,Clc1ccc(-c2ccc(Cl)cc2Cl)c(Cl)c1,,2437-79-8,in_domain
110-30-5,,CCCCCCCCCCCCCCCCCC(=O)NCCNC(=O)CCCCCCCCCCCCCCCCC,10,xgboost,combined,0.32,1.384748458862305,-1.0647484588623046,1.0647484588623046,0.5384615384615384,CCCCCCCCCCCCCCCCCCNC(=O)NCCCCCCCCCCCCCCCCCC,,4051-66-5,in_domain
101-20-2,Triclocarban,O=C(Nc1ccc(Cl)cc1)Nc1ccc(Cl)c(Cl)c1,11,xgboost,combined,1.99,2.023376703262329,-0.0333767032623291,0.0333767032623291,0.5588235294117647,CCC(=O)Nc1ccc(Cl)c(Cl)c1,,709-98-8,in_domain
108-86-1,Bromobenzene,Brc1ccccc1,12,xgboost,combined,1.4,1.347384333610535,0.0526156663894652,0.0526156663894652,0.5833333333333334,Brc1ccc(Br)cc1,p-Dibromobenzene,106-37-6,in_domain
18708-70-8,,O=[N+]([O-])c1c(Cl)cc(Cl)cc1Cl,13,xgboost,combined,2.6,2.1747751235961914,0.4252248764038087,0.4252248764038087,0.5833333333333334,O=[N+]([O-])c1c(Cl)c(Cl)cc(Cl)c1Cl,,117-18-0,in_domain
3811-49-2,,COP1(=S)OCc2ccccc2O1,14,xgboost,combined,1.35,1.4248124361038208,-0.0748124361038207,0.0748124361038207,0.23529411764705882,c1ccc2c(c1)CCCC2,Tetrahydronaphthalene,119-64-2,out_of_domain
13356-08-6,,CC(C)([CH2][Sn]([CH2]C(C)(C)c1ccccc1)([CH2]C(C)(C)c1ccccc1)[O][Sn]([CH2]C(C)(C)c1ccccc1)([CH2]C(C)(C)c1ccccc1)[CH2]C(C)(C)c1ccccc1)c1ccccc1,15,xgboost,combined,2.86,2.941967725753784,-0.0819677257537843,0.0819677257537843,0.42857142857142855,CC(C)(OOC(C)(C)c1ccccc1)c1ccccc1,Dicumylperoxide,80-43-3,in_domain
2764-72-9,"9,10-Dihydro-8a, 10a- diazoniaphenanthrene",c1cc[n+]2cc[n+]3ccccc3c2c1,16,xgboost,combined,0.76,0.8195637464523315,-0.0595637464523315,0.0595637464523315,0.2777777777777778,c1ccc2c(c1)c1ccccc1c1ccccc21,Triphenylene,217-59-4,out_of_domain
37680-73-2,"2,2'',4,5,5''-Pentachlorobiphenyl",Clc1ccc(Cl)c(-c2cc(Cl)c(Cl)cc2Cl)c1,17,xgboost,combined,5.05,5.105109214782715,-0.055109214782715,0.055109214782715,0.7894736842105263,Clc1ccc(Cl)c(-c2cc(Cl)ccc2Cl)c1,"2,2'',5,5''-Tretrachlorobiphenyl",35693-99-3,in_domain
1490-04-6/2216-51-5,Menthol,CC1CCC(C(C)C)C(O)C1,18,xgboost,combined,1.04,2.091071844100952,-1.051071844100952,1.051071844100952,0.36666666666666664,CC(C)C1CCCC2CCCCC21,Isopropyldecalin,29690-50-9,out_of_domain
2173-57-1,2-Naphthylisobuthyl ether,CC(C)COc1ccc2ccccc2c1,19,xgboost,combined,2.87,3.0222136974334717,-0.1522136974334715,0.1522136974334715,0.4666666666666667,CC(C)c1ccc2ccccc2c1,,2027-17-0,in_domain
137-26-8,,CN(C)C(=S)SSC(=S)N(C)C,20,xgboost,combined,0.54,0.6016843318939209,-0.0616843318939208,0.0616843318939208,0.18518518518518517,S=C(SSSSC(=S)N1CCCCC1)N1CCCCC1,,120-54-7,out_of_domain
839-90-7,"1,3,5-Tris(2''-hydroxyethyl)isocyanuric acid",O=c1n(CCO)c(=O)n(CCO)c(=O)n1CCO,21,xgboost,combined,-0.05,0.1857622265815735,-0.2357622265815734,0.2357622265815734,0.19047619047619047,OCCN(CCO)CCO,Triethanolamine,102-71-6,out_of_domain
6130-75-2,,COc1cc(Cl)c(Cl)cc1Cl,22,xgboost,combined,2.8,2.756114959716797,0.0438850402832029,0.0438850402832029,0.6086956521739131,COc1cc(Cl)c(Cl)cc1O,,2460-49-3,in_domain
2921-88-2,,CCOP(=S)(OCC)Oc1nc(Cl)c(Cl)cc1Cl,23,xgboost,combined,3.1,3.0257043838500977,0.0742956161499024,0.0742956161499024,0.6857142857142857,COP(=S)(OC)Oc1nc(Cl)c(Cl)cc1Cl,,5598-13-0,in_domain
17302-11-3,3-Ethyl-nonane,CCCCCCC(CC)CC,24,xgboost,combined,3.32,3.269534111022949,0.0504658889770506,0.0504658889770506,0.5,CCCCCCCCCCCCCCC,n-Pentadecane,629-62-9,in_domain
52712-04-6,PCB-141,Clc1ccc(Cl)c(-c2cc(Cl)c(Cl)c(Cl)c2Cl)c1,25,xgboost,combined,5.81,5.715694427490234,0.0943055725097652,0.0943055725097652,0.6818181818181818,Clc1ccc(Cl)c(-c2cc(Cl)ccc2Cl)c1,"2,2'',5,5''-Tretrachlorobiphenyl",35693-99-3,in_domain
121-44-8,Triethylamine,CCN(CC)CC,26,xgboost,combined,0.45,0.5980125665664673,-0.1480125665664672,0.1480125665664672,0.3333333333333333,CCCCN(CCCC)CCCC,,102-82-9,out_of_domain
834-12-8,,CCNc1nc(NC(C)C)nc(SC)n1,27,xgboost,combined,1.52,1.05168354511261,0.4683164548873901,0.4683164548873901,0.75,CCNc1nc(NCC)nc(SC)n1,,1014-70-6,in_domain
95737-68-1,,CC(COc1ccc(Oc2ccccc2)cc1)Oc1ccccn1,28,xgboost,combined,3.14,2.415469169616699,0.7245308303833009,0.7245308303833009,0.35294117647058826,c1ccc(Oc2ccccc2)cc1,Diphenyl ether,101-84-8,out_of_domain
56348-72-2,"3,3'',4,4''-Tetrachlorodiphenyl ether",Clc1ccc(Oc2ccc(Cl)c(Cl)c2)cc1Cl,29,xgboost,combined,4.43,4.042966842651367,0.3870331573486325,0.3870331573486325,0.6153846153846154,Clc1ccc(Oc2ccc(Cl)c(Cl)c2)c(Cl)c1,"2,3'',4,4''-Tetrachlorodiphenyl ether",61328-46-9,in_domain
59261-08-4,,Brc1cc(Br)c(-c2c(Br)cc(Br)cc2Br)c(Br)c1,30,xgboost,combined,4.66,2.6036431789398193,2.056356821060181,2.056356821060181,0.55,Brc1cc(Br)c(-c2ccccc2)c(Br)c1,,59080-33-0,in_domain
43222-48-6,,Cn1c(-c2ccccc2)cc(-c2ccccc2)[n+]1C,31,xgboost,combined,1.3,1.744856595993042,-0.4448565959930419,0.4448565959930419,0.3076923076923077,c1ccc(-c2ccccc2)cc1,,92-52-4,out_of_domain
28106-30-1,Etylstyrene,C=Cc1ccccc1CC,32,xgboost,combined,2.69,2.50958251953125,0.1804174804687499,0.1804174804687499,0.34375,CCc1cc2ccccc2c2ccccc12,,3674-75-7,out_of_domain
119168-77-3,,CCc1nn(C)c(C(=O)NCc2ccc(C(C)(C)C)cc2)c1Cl,33,xgboost,combined,1.14,2.2343575954437256,-1.0943575954437257,1.0943575954437257,0.32075471698113206,CC(Cc1ccc(C(C)(C)C)cc1)C(=O)O,,66735-04-4,out_of_domain
20020-02-4,Tetrachloronaphthalene,Clc1c(Cl)c(Cl)c2ccccc2c1Cl,34,xgboost,combined,3.52,3.824555158615112,-0.3045551586151123,0.3045551586151123,0.5,c1ccc2c(c1)c1ccccc1c1ccccc21,Triphenylene,217-59-4,in_domain
34643-46-4,Prothiofos,CCCSP(=S)(OCC)Oc1ccc(Cl)cc1Cl,35,xgboost,combined,3.77,3.3970870971679688,0.3729129028320312,0.3729129028320312,0.40350877192982454,CCOP(=S)(OCC)SCn1c(=O)oc2cc(Cl)ccc21,,2310-17-0,in_domain
13071-79-9,Terbufos,CCOP(=S)(OCC)SCSC(C)(C)C,36,xgboost,combined,2.73,2.733726739883423,-0.0037267398834228,0.0037267398834228,0.5161290322580645,CCOP(=S)(OCC)SCCSCC,,298-04-4,in_domain
544-76-3,,CCCCCCCCCCCCCCCC,37,xgboost,combined,2.68,1.344020962715149,1.3359790372848512,1.3359790372848512,1.0,CCCCCCCCCCCCCCC,n-Pentadecane,629-62-9,in_domain
298-02-2,,CCOP(=S)(OCC)SCSCC,38,xgboost,combined,2.68,1.8457900285720823,0.8342099714279176,0.8342099714279176,0.6923076923076923,CCOP(=S)(OCC)SCCSCC,,298-04-4,in_domain
79-00-5,"1,1,2-Trichloroethane",ClCC(Cl)Cl,39,xgboost,combined,0.62,0.8078386187553406,-0.1878386187553405,0.1878386187553405,0.5454545454545454,ClCC(Cl)CCl,"1,2,3-Trichloropropane",96-18-4,in_domain
461-58-5,1-Cyanoguanidine,N#CNC(=N)N,40,xgboost,combined,0.24,0.3763052225112915,-0.1363052225112915,0.1363052225112915,0.14285714285714285,N=C(Nc1ccccc1)Nc1ccccc1,"N,N''-Diphenylguanidine",102-06-7,out_of_domain
78-40-0,Triethyl phosphate,CCOP(=O)(OCC)OCC,41,xgboost,combined,0.01,0.154335930943489,-0.144335930943489,0.144335930943489,0.5,CCCCOP(=O)(OCCCC)OCCCC,Tri-n-butyl phosphate,126-73-8,in_domain
315-18-4,,CNC(=O)Oc1cc(C)c(N(C)C)c(C)c1,42,xgboost,combined,1.42,1.138495922088623,0.2815040779113769,0.2815040779113769,0.6176470588235294,CNC(=O)Oc1cc(C)c(SC)c(C)c1,,2032-65-7,in_domain
832-69-9,1-Methylphenanthrene,Cc1cccc2c1ccc1ccccc12,43,xgboost,combined,3.18,3.0278966426849365,0.1521033573150636,0.1521033573150636,0.7272727272727273,Cc1cccc2ccccc12,,90-12-0,in_domain
V-Mey_NA_03,,CCCCCCCc1ccc(OC(F)(F)C(F)F)cc1,44,xgboost,combined,2.96,3.4278836250305176,-0.4678836250305176,0.4678836250305176,0.625,CCCCCCC(C)(c1ccc(OC(F)(F)C(F)F)cc1)c1ccc(OC(F)(F)C(F)F)cc1,,V-Mey_NA_08,in_domain
123-63-7,p-Acetaldehyde,CC1OC(C)OC(C)O1,45,xgboost,combined,0.28,0.6037389636039734,-0.3237389636039733,0.3237389636039733,1.0,CC1OC(C)OC(C)OC(C)O1,,108-62-3,in_domain
13029-08-8,"2,2''-Dichlorobiphenyl",Clc1ccccc1-c1ccccc1Cl,46,xgboost,combined,3.64,3.5606467723846436,0.0793532276153565,0.0793532276153565,0.65,Clc1ccc(Cl)c(-c2ccccc2Cl)c1,,37680-65-2,in_domain
10605-21-7,Methyl benzimidazole-2-ylcarbamate,COC(=O)Nc1nc2ccccc2[nH]1,47,xgboost,combined,0.3,0.9313369393348694,-0.6313369393348693,0.6313369393348693,0.40540540540540543,Sc1nc2ccccc2[nH]1,2-Mercaptobenzimidazole,583-39-1,in_domain
17804-35-2,,CCCCNC(=O)n1c(NC(=O)OC)nc2ccccc21,48,xgboost,combined,1.43,0.902766764163971,0.527233235836029,0.527233235836029,0.2830188679245283,CCCCOC(=O)c1ccccc1C(=O)OCCCC,,84-74-2,out_of_domain
1071-83-6,,O=C([O-])CNCP(=O)(O)O,49,xgboost,combined,-0.3,0.8770464658737183,-1.1770464658737183,1.1770464658737183,0.625,O=C(O)CNCP(=O)(O)O,Glyphosate,1071-83-6,in_domain
88-06-2,,Oc1c(Cl)cc(Cl)cc1Cl,50,xgboost,combined,1.92,1.903836011886597,0.0161639881134032,0.0161639881134032,0.5294117647058824,Clc1cc(Cl)c(Cl)c(Cl)c1,,634-90-2,in_domain
72178-02-0,,CS(=O)(=O)NC(=O)c1cc(Oc2ccc(C(F)(F)F)cc2Cl)ccc1[N+](=O)[O-],51,xgboost,combined,0.78,1.2101719379425049,-0.4301719379425048,0.4301719379425048,0.5901639344262295,CCOc1cc(Oc2ccc(C(F)(F)F)cc2Cl)ccc1[N+](=O)[O-],,42874-03-3,in_domain
612-22-6,o-Ethylnitrobenzene,CCc1ccccc1[N+](=O)[O-],52,xgboost,combined,1.14,1.4397789239883425,-0.2997789239883424,0.2997789239883424,0.6086956521739131,O=[N+]([O-])c1ccccc1[N+](=O)[O-],,25154-54-5,in_domain
76738-62-0,,CC(C)(C)C(O)C(Cc1ccc(Cl)cc1)n1cncn1,53,xgboost,combined,1.64,1.5561928749084473,0.0838071250915526,0.0838071250915526,0.6170212765957447,CC(C)(C)C(O)C(Oc1ccc(Cl)cc1)n1cncn1,,55219-65-3,in_domain
2104-64-5,O-Ethyl-O-p-nitrophenyl-phenylthiophosphonate,CCOP(=S)(Oc1ccc([N+](=O)[O-])cc1)c1ccccc1,54,xgboost,combined,2.84,2.7336883544921875,0.1063116455078123,0.1063116455078123,0.6585365853658537,CCOP(=S)(OCC)Oc1ccc([N+](=O)[O-])cc1,,56-38-2,in_domain
50-30-6,,O=C(O)c1c(Cl)cccc1Cl,55,xgboost,combined,0.02,0.5631733536720276,-0.5431733536720276,0.5431733536720276,0.6086956521739131,O=C(O)c1c(Cl)ccc(Cl)c1Cl,"2,3,6-Trichlorobenzoic acid",50-31-7,in_domain
2164-17-2,,CN(C)C(=O)Nc1cccc(C(F)(F)F)c1,56,xgboost,combined,1.61,0.9341443181037904,0.6758556818962098,0.6758556818962098,0.3783783783783784,FC(F)(F)c1cccc(Cl)c1,3-Trifluoromethyl-chlorobenzene,98-15-7,out_of_domain
85509-19-9,,C[Si](Cn1cncn1)(c1ccc(F)cc1)c1ccc(F)cc1,57,xgboost,combined,2.4,1.95250141620636,0.44749858379364,0.44749858379364,0.3076923076923077,CC(C)(C)C(O)(CCc1ccc(Cl)cc1)Cn1cncn1,,107534-96-3,out_of_domain
32774-16-6,,Clc1cc(-c2cc(Cl)c(Cl)c(Cl)c2)cc(Cl)c1Cl,58,xgboost,combined,5.97,5.113048076629639,0.8569519233703611,0.8569519233703611,0.6666666666666666,Clc1ccc(-c2cc(Cl)c(Cl)c(Cl)c2)cc1Cl,"3,3'',4,4'',5-Pentachlorobiphenyl",57465-28-8,in_domain
6936-40-9,,COc1c(Cl)c(Cl)cc(Cl)c1Cl,59,xgboost,combined,3.69,3.6384036540985103,0.0515963459014892,0.0515963459014892,0.5909090909090909,COc1c(Cl)ccc(Cl)c1Cl,,50375-10-5,in_domain
36734-19-7,,CC(C)NC(=O)N1CC(=O)N(c2cc(Cl)cc(Cl)c2)C1=O,60,xgboost,combined,2.19,1.3460638523101809,0.8439361476898193,0.8439361476898193,0.2641509433962264,CC(C)OC(=O)Nc1cccc(Cl)c1,,101-21-3,out_of_domain
95-80-7,"4-Methylphenylene-1,3-diamine",Cc1ccc(N)cc1N,61,xgboost,combined,1.45,0.4505207538604736,0.9994792461395264,0.9994792461395264,0.65,Cc1ccc(N)cc1C,"3,4-Dimethylaniline",95-64-7,in_domain
28076-73-5,"2,2'',4,4''-Tetrachlorodiphenyl ether",Clc1ccc(Oc2ccc(Cl)cc2Cl)c(Cl)c1,62,xgboost,combined,4.14,4.077321529388428,0.0626784706115719,0.0626784706115719,0.8181818181818182,Clc1ccc(Oc2cc(Cl)c(Cl)cc2Cl)c(Cl)c1,"2,2'',4,4'',5-Pentachlorodiphenyl ether",60123-64-0,in_domain
206-44-0,Fluoranthene,c1ccc2c(c1)-c1cccc3cccc-2c13,63,xgboost,combined,3.5,2.939584970474243,0.5604150295257568,0.5604150295257568,0.7142857142857143,O=C1c2ccccc2-c2cccc3cccc1c23,Benzanthrone,82-05-3,in_domain
2136-99-4,,Clc1cc(Cl)c(Cl)c(-c2c(Cl)c(Cl)cc(Cl)c2Cl)c1Cl,64,xgboost,combined,5.82,5.672674179077148,0.1473258209228518,0.1473258209228518,0.75,Clc1cc(Cl)c(-c2c(Cl)c(Cl)cc(Cl)c2Cl)c(Cl)c1Cl,PCB-201,40186-71-8,in_domain
198-55-0,Perylene,c1cc2cccc3c4cccc5cccc(c(c1)c23)c54,65,xgboost,combined,2.38,2.5405805110931396,-0.1605805110931397,0.1605805110931397,0.6,c1cc2ccc3cccc4ccc(c1)c2c34,Pyrene,129-00-0,in_domain
111-94-4,Bis(cyanoethyl)amine,N#CCCNCCC#N,66,xgboost,combined,-0.13,0.3569940328598022,-0.4869940328598022,0.4869940328598022,0.21739130434782608,NCCNCCO,2- (2-Aminoethylamino)ethanol,111-41-1,out_of_domain
89-93-0,alpha-Methylbenzylamine,Cc1ccccc1CN,67,xgboost,combined,0.57,0.7062343955039978,-0.1362343955039978,0.1362343955039978,0.47368421052631576,Cc1ccccc1C,,95-47-6,in_domain
38380-02-8,"2,3,4,2'',5''-Pentachlorobiphenyl",Clc1ccc(Cl)c(-c2ccc(Cl)c(Cl)c2Cl)c1,68,xgboost,combined,4.7,5.185700416564941,-0.4857004165649412,0.4857004165649412,0.7142857142857143,Clc1ccc(Cl)c(-c2cc(Cl)ccc2Cl)c1,"2,2'',5,5''-Tretrachlorobiphenyl",35693-99-3,in_domain
634-91-3,,Nc1cc(Cl)c(Cl)c(Cl)c1,69,xgboost,combined,2.36,2.020582437515259,0.3394175624847411,0.3394175624847411,0.5555555555555556,Nc1c(Cl)c(Cl)cc(Cl)c1Cl,,3481-20-7,in_domain
50-32-8,Benzo[a]pyrene,c1ccc2c(c1)cc1ccc3cccc4ccc2c1c34,70,xgboost,combined,2.73,2.484649181365967,0.2453508186340331,0.2453508186340331,0.52,c1ccc2c(c1)ccc1cc3c(ccc4ccccc43)cc12,"Dibenzo[a,h]anthracene",53-70-3,in_domain
51-28-5,"2,4-Dinitrophenol",O=[N+]([O-])c1ccc(O)c([N+](=O)[O-])c1,71,xgboost,combined,0.31,0.5039052963256836,-0.1939052963256836,0.1939052963256836,0.6206896551724138,Cc1ccc(O)c([N+](=O)[O-])c1,2-Nitro-p-cresol,119-33-5,in_domain
1825-31-6,,Clc1ccc(Cl)c2ccccc12,72,xgboost,combined,3.75,3.4951629638671875,0.2548370361328125,0.2548370361328125,0.5333333333333333,Clc1ccccc1Cl,o-Dichlorobenzene,95-50-1,in_domain
62-56-6,Thiourea,NC(N)=S,73,xgboost,combined,0.05,0.5006074905395508,-0.4506074905395508,0.4506074905395508,0.15,S=C(NC1CCCCC1)NC1CCCCC1,,1212-29-9,out_of_domain
526-78-3,"2,3-Dibromo succinic acid",O=C(O)C(Br)C(Br)C(=O)O,74,xgboost,combined,0.62,0.0948271453380584,0.5251728546619415,0.5251728546619415,0.25,BrC(Br)Br,Tribromomethane,75-25-2,out_of_domain
104294-16-8,"2,2'',4,4'',6-Pentachlorodiphenyl ether",Clc1ccc(Oc2c(Cl)cc(Cl)cc2Cl)c(Cl)c1,75,xgboost,combined,3.95,4.244965553283691,-0.2949655532836912,0.2949655532836912,0.6296296296296297,Clc1ccc(Oc2ccc(Cl)cc2Cl)cc1,"2,4,4''-Trichlorodiphenyl ether",59039-21-3,in_domain
1194-65-6,,N#Cc1c(Cl)cccc1Cl,76,xgboost,combined,2.0,1.5836564302444458,0.4163435697555542,0.4163435697555542,0.45,Clc1cccc(Cl)c1Cl,"1,2,3-Trichlorobenzene",87-61-6,in_domain
91-22-5,Quinoline,c1ccc2ncccc2c1,77,xgboost,combined,0.49,0.923933744430542,-0.433933744430542,0.433933744430542,0.3888888888888889,c1ccc2ccccc2c1,Naphthalene,91-20-3,out_of_domain
680-31-9,,CN(C)P(=O)(N(C)C)N(C)C,78,xgboost,combined,-0.55,0.2743213772773742,-0.8243213772773743,0.8243213772773743,0.26666666666666666,CN(C)C=O,Dimethylformamide,68-12-2,out_of_domain
108-42-9,,Nc1cccc(Cl)c1,79,xgboost,combined,0.33,0.9612421989440918,-0.6312421989440917,0.6312421989440917,0.6111111111111112,Clc1cccc(Cl)c1,"1,3-Dichlorobenzene",541-73-1,in_domain
65-85-0,,O=C(O)c1ccccc1,80,xgboost,combined,1.0,0.3427512943744659,0.6572487056255341,0.6572487056255341,0.6470588235294118,O=C(c1ccccc1)c1ccccc1,Benzophenone,119-61-9,in_domain
56425-91-3,,CC(C)C(O)(c1ccc(OC(F)(F)F)cc1)c1cncnc1,81,xgboost,combined,1.54,1.8274930715560913,-0.2874930715560913,0.2874930715560913,0.3488372093023256,CC(C)(c1ccc(OC(F)(F)C(F)F)cc1)c1ccc(OC(F)(F)C(F)F)cc1,,1544-19-0,out_of_domain
611-06-3,,O=[N+]([O-])c1ccc(Cl)cc1Cl,82,xgboost,combined,2.07,1.9450777769088743,0.1249222230911253,0.1249222230911253,0.6923076923076923,O=[N+]([O-])c1cc(Cl)ccc1Cl,,89-61-2,in_domain
119-56-2,,OC(c1ccccc1)c1ccc(Cl)cc1,83,xgboost,combined,1.82,1.878529667854309,-0.058529667854309,0.058529667854309,0.47619047619047616,Clc1ccccc1,Monochlorobenzene,108-90-7,in_domain
59080-37-4,,Brc1cccc(Br)c1-c1c(Br)cccc1Br,84,xgboost,combined,4.97,3.612113714218139,1.35788628578186,1.35788628578186,0.42105263157894735,Oc1ccccc1Br,o-Bromophenol,95-56-7,in_domain
1746-01-6,,Clc1cc2c(cc1Cl)Oc1cc(Cl)c(Cl)cc1O2,85,xgboost,combined,4.79,3.60878324508667,1.18121675491333,1.18121675491333,0.7222222222222222,Clc1cc2c(cc1Cl)Oc1ccccc1O2,"2,3-dichlorodibenzo-p-dioxin",29446-15-9,in_domain
66246-88-6,,CCCC(Cn1cncn1)c1ccc(Cl)cc1Cl,86,xgboost,combined,1.97,2.3228611946105957,-0.3528611946105957,0.3528611946105957,0.6037735849056604,FC(F)C(F)(F)OCC(Cn1cncn1)c1ccc(Cl)cc1Cl,,112281-77-3,in_domain
133855-98-8/106325-08-0,,Fc1ccc(C2(Cn3cncn3)OC2c2ccccc2Cl)cc1,87,xgboost,combined,1.84,2.148305654525757,-0.3083056545257567,0.3083056545257567,0.34285714285714286,CCCC1COC(Cn2cncn2)(c2ccc(Cl)cc2Cl)O1,,60207-90-1,out_of_domain
731-27-1,,Cc1ccc(N(SC(F)(Cl)Cl)S(=O)(=O)N(C)C)cc1,88,xgboost,combined,1.87,2.348883628845215,-0.4788836288452147,0.4788836288452147,0.26785714285714285,Cc1ccc(-c2c(Cl)nc(C#N)n2S(=O)(=O)N(C)C)cc1,,120116-88-3,out_of_domain
114369-43-6,,N#CC(CCc1ccc(Cl)cc1)(Cn1cncn1)c1ccccc1,89,xgboost,combined,2.2,1.667770266532898,0.5322297334671022,0.5322297334671022,0.5471698113207547,CC(C)(C)C(O)(CCc1ccc(Cl)cc1)Cn1cncn1,,107534-96-3,in_domain
26898-17-9,,Cc1cc(Cc2ccccc2)ccc1Cc1ccccc1,90,xgboost,combined,4.0,2.8585622310638428,1.1414377689361572,1.1414377689361572,0.5483870967741935,Cc1ccc(C)c(Cc2ccccc2)c1,Phenyl-xylylmethane,13540-50-6,in_domain
57837-19-1,,COCC(=O)N(c1c(C)cccc1C)C(C)C(=O)OC,91,xgboost,combined,0.84,0.6645050644874573,0.1754949355125427,0.1754949355125427,0.6904761904761905,COC(=O)C(C)N(C(=O)Cc1ccccc1)c1c(C)cccc1C,,71626-11-4,in_domain
16014-23-6/5281-04-9,3-Hydroxy-4-((4-methyl-2-sulphophenyl)azo)-2-naphthoic acid,Cc1ccc(N=Nc2c(O)c(C(=O)O)cc3ccccc23)c(S(=O)(=O)O)c1,92,xgboost,combined,0.84,0.8525347113609314,-0.0125347113609314,0.0125347113609314,0.48333333333333334,Cc1cc(N=Nc2c(O)ccc3ccccc23)c(S(=O)(=O)O)cc1Cl,2-Chloro-5-((2-hydroxy-1-naphthyl)azo)toluene-4-sulphonic acid,15958-19-7,in_domain
22224-92-6,,CCOP(=O)(NC(C)C)Oc1ccc(SC)c(C)c1,93,xgboost,combined,2.04,1.2208292484283447,0.8191707515716553,0.8191707515716553,0.46808510638297873,COP(=S)(OC)Oc1ccc(SC)c(C)c1,,55-38-9,in_domain
15968-05-5,,Clc1cccc(Cl)c1-c1c(Cl)cccc1Cl,94,xgboost,combined,3.85,4.455765724182129,-0.6057657241821288,0.6057657241821288,0.75,Clc1cc(Cl)c(-c2c(Cl)cccc2Cl)c(Cl)c1,"2,2'',4,6,6''-Pentachlorobiphenyl",56558-16-8,in_domain
87-40-1,,COc1c(Cl)cc(Cl)cc1Cl,95,xgboost,combined,2.84,3.101585865020752,-0.2615858650207521,0.2615858650207521,0.46153846153846156,COc1cc(Cl)c(Cl)c(Cl)c1OC,,16766-29-3,in_domain
732-11-6,,COP(=S)(OC)SCN1C(=O)c2ccccc2C1=O,96,xgboost,combined,0.41,1.4048871994018557,-0.9948871994018555,0.9948871994018555,0.48936170212765956,COP(=S)(OC)SCn1nnc2ccccc2c1=O,Azinphos-methyl,86-50-0,in_domain
94-52-0,5-Nitrobenzimidazole,O=[N+]([O-])c1ccc2[nH]cnc2c1,97,xgboost,combined,0.32,0.829811692237854,-0.5098116922378539,0.5098116922378539,0.41379310344827586,O=[N+]([O-])c1ccc([N+](=O)[O-])cc1,,100-25-4,in_domain
40690-89-9,Disperse Orange 73,N#CCCN(CCOC(=O)c1ccccc1)c1ccc(N=Nc2ccc([N+](=O)[O-])cc2)cc1,98,xgboost,combined,0.83,1.9578042030334473,-1.1278042030334472,1.1278042030334472,0.5409836065573771,N#CCCN(CCC#N)c1ccc(N=Nc2c(Cl)cc([N+](=O)[O-])cc2Cl)cc1,Disperse Yellow 163,71767-67-4,in_domain
6459-94-5,,Cc1ccc(S(=O)(=O)Oc2ccc(N=Nc3ccc(-c4ccc(N=Nc5c(O)ccc6cc(S(=O)(=O)O)cc(S(=O)(=O)O)c56)c(C)c4)cc3C)cc2)cc1,99,xgboost,combined,1.84,1.410278081893921,0.4297219181060792,0.4297219181060792,0.3698630136986301,Cc1ccccc1N=Nc1ccc(N=Nc2c(O)ccc3ccccc23)c(C)c1,,85-83-6,out_of_domain
60628-17-3,Diphenylmonotridecylphosphite,CCCCCCCCCCCCCOP(Oc1ccccc1)Oc1ccccc1,100,xgboost,combined,1.55,1.4121545553207395,0.1378454446792603,0.1378454446792603,0.4827586206896552,c1ccc(OP(Oc2ccccc2)Oc2ccccc2)cc1,,101-02-0,in_domain
112-40-3,n-Dodecane,CCCCCCCCCCCC,101,xgboost,combined,2.59,2.817599058151245,-0.2275990581512452,0.2275990581512452,1.0,CCCCCCCCCCCCCCC,n-Pentadecane,629-62-9,in_domain
85-22-3,,CCc1c(Br)c(Br)c(Br)c(Br)c1Br,102,xgboost,combined,2.52,3.086758613586426,-0.5667586135864258,0.5667586135864258,0.38461538461538464,Brc1c(Br)c(Br)c(Br)c(Br)c1Br,,87-82-1,out_of_domain
89-63-4,4-Chloro-2-nitroaniline,Nc1ccc(Cl)cc1[N+](=O)[O-],103,xgboost,combined,1.06,1.5020008087158203,-0.4420008087158202,0.4420008087158202,0.6428571428571429,O=[N+]([O-])c1cc(Cl)ccc1Cl,,89-61-2,in_domain
62615-08-1,"1,2,3,8-Tetrachlorodibenzofuran",Clc1ccc2oc3cc(Cl)c(Cl)c(Cl)c3c2c1,104,xgboost,combined,3.11,3.5176331996917725,-0.4076331996917726,0.4076331996917726,0.7419354838709677,Clc1ccc2c(c1)oc1cc(Cl)c(Cl)c(Cl)c12,"1,2,3,7-Tetrachlorodibenzofuran",83704-22-7,in_domain
79-94-7,"2,2-Bis(4''-hydroxy-3'',5''-dibromophenyl) propane",CC(C)(c1cc(Br)c(O)c(Br)c1)c1cc(Br)c(O)c(Br)c1,105,xgboost,combined,2.46,2.520547151565552,-0.0605471515655517,0.0605471515655517,0.5,Oc1c(Br)cc(Br)cc1Br,,118-79-6,in_domain
111-40-0,Bis(2-aminoethyl)amine,NCCNCCN,106,xgboost,combined,0.5,0.2886008024215698,0.2113991975784301,0.2113991975784301,0.6666666666666666,NCCNCCO,2- (2-Aminoethylamino)ethanol,111-41-1,in_domain
90-30-2,1-(N-Phenylamino)naphthalene,c1ccc(Nc2cccc3ccccc23)cc1,107,xgboost,combined,3.28,2.5757181644439697,0.7042818355560301,0.7042818355560301,0.5,CCNc1cccc2ccccc12,,118-44-5,in_domain
5707-44-8,,CCc1ccc(-c2ccccc2)cc1,108,xgboost,combined,2.82,3.3917057514190674,-0.5717057514190675,0.5717057514190675,0.5,CCc1cccc(-c2cccc(CC)c2)c1,,28575-17-9,in_domain
108-45-2,m-Phenylenediamine,Nc1cccc(N)c1,109,xgboost,combined,0.81,0.4671277999877929,0.3428722000122071,0.3428722000122071,0.6111111111111112,Nc1cccc(O)c1,3-Aminophenol,591-27-5,in_domain
35367-38-5,,O=C(NC(=O)c1c(F)cccc1F)Nc1ccc(Cl)cc1,110,xgboost,combined,2.35,2.037917375564575,0.3120826244354249,0.3120826244354249,0.5681818181818182,O=C(NC(=O)c1c(F)cccc1F)Nc1cc(Cl)c(F)c(Cl)c1F,,83121-18-0,in_domain
83-79-4,,C=C(C)C1Cc2c(ccc3c2OC2COc4cc(OC)c(OC)cc4C2C3=O)O1,111,xgboost,combined,1.41,2.063720226287842,-0.6537202262878419,0.6537202262878419,0.16666666666666666,COC(=O)N(C(=O)N1COC2(C(=O)OC)Cc3cc(Cl)ccc3C2=N1)c1ccc(OC(F)(F)F)cc1,,173584-44-6,out_of_domain
86-74-8,Carbazole,c1ccc2c(c1)[nH]c1ccccc12,112,xgboost,combined,2.18,2.097245216369629,0.0827547836303712,0.0827547836303712,0.4666666666666667,c1ccc2c(c1)c1ccccc1c1ccccc21,Triphenylene,217-59-4,in_domain
108-70-3,"1,3,5-Trichlorobenzene",Clc1cc(Cl)cc(Cl)c1,113,xgboost,combined,3.14,3.325359344482422,-0.1853593444824217,0.1853593444824217,0.6153846153846154,Oc1cc(Cl)cc(Cl)c1,"3,5-Dichlorophenol",591-35-5,in_domain
16219-75-3,5-Ethylidene-2-norbornene,CC=C1CC2C=CC1C2,114,xgboost,combined,2.05,2.48310923576355,-0.43310923576355,0.43310923576355,0.15789473684210525,ClC1=C(Cl)C2(Cl)C3C4C=CC(C4)C3C1(Cl)C2(Cl)Cl,Aldrin,309-00-2,out_of_domain
144-19-4,"2,2,4-Trimethyl-1,3-pentanediol",CC(C)C(O)C(C)(C)CO,115,xgboost,combined,-0.16,0.3539825081825256,-0.5139825081825257,0.5139825081825257,0.35,CC(C)(CO)CO,"2,2-Dimethyl-1,3-propanediol",126-30-7,out_of_domain
90-20-0,"1-Amino-8-naphthol-3,6-disulfonic acid",Nc1cc(S(=O)(=O)O)cc2cc(S(=O)(=O)O)cc(O)c12,116,xgboost,combined,0.46,0.3635836243629455,0.0964163756370544,0.0964163756370544,0.5277777777777778,Nc1ccc2cc(S(=O)(=O)O)cc(O)c2c1,2-Amino-8-naphthol-6-sulfonic acid,90-51-7,in_domain
605-02-7,1-Phenyl naphthalene,c1ccc(-c2cccc3ccccc23)cc1,117,xgboost,combined,3.51,3.0161712169647217,0.4938287830352781,0.4938287830352781,0.55,c1ccc(-c2ccccc2-c2ccccc2)cc1,,84-15-1,in_domain
38411-22-2,PCB-136,Clc1ccc(Cl)c(-c2c(Cl)ccc(Cl)c2Cl)c1Cl,118,xgboost,combined,5.43,5.566808223724365,-0.1368082237243655,0.1368082237243655,0.6428571428571429,Clc1ccc(Cl)c(Cl)c1Cl,"1,2,3,4-Tetrachlorobenzene",634-66-2,in_domain
569-64-2,,CN(C)c1ccc(C(=C2C=CC(=[N+](C)C)C=C2)c2ccccc2)cc1,119,xgboost,combined,1.86,1.885231614112854,-0.0252316141128539,0.0252316141128539,0.42857142857142855,CN(C)c1ccc(C(=O)c2ccc(N(C)C)cc2)cc1,,90-94-8,in_domain
102-70-5,Trialiylamine,C=CCN(CC=C)CC=C,120,xgboost,combined,0.54,1.219773769378662,-0.6797737693786621,0.6797737693786621,0.3333333333333333,C=CCCl,Allylchloride,107-05-1,out_of_domain
101-14-4,"3,3''-Dichloro-4,4''-diaminodiphenylmethane",Nc1ccc(Cc2ccc(N)c(Cl)c2)cc1Cl,121,xgboost,combined,2.33,2.244018077850342,0.0859819221496582,0.0859819221496582,0.5416666666666666,Nc1ccc(-c2ccc(N)c(Cl)c2)cc1Cl,"3,3''-Dichlorobenzidine",91-94-1,in_domain
829-26-5,"2,3,6-trimethylnaphthalene",Cc1ccc2cc(C)c(C)cc2c1,122,xgboost,combined,3.0,3.3492214679718018,-0.3492214679718017,0.3492214679718017,0.6190476190476191,Cc1ccc2ccccc2c1,2-Methylnaphthalene,91-57-6,in_domain
2122-19-2,,CC1CNC(=S)N1,123,xgboost,combined,1.0,0.2957053780555725,0.7042946219444275,0.7042946219444275,0.3181818181818182,S=C1NCCN1,,96-45-7,out_of_domain
1222-05-5,Galaxolide,CC1COCc2cc3c(cc21)C(C)(C)C(C)C3(C)C,124,xgboost,combined,3.02,3.079493761062622,-0.059493761062622,0.059493761062622,0.23529411764705882,CC(=O)c1cc2c(cc1C)C(C)(C)C(C)CC2(C)C,Tonalide,1506-02-1,out_of_domain
31508-00-6,"2,3'',4,4'',5-Pentachlorobiphenyl",Clc1ccc(-c2cc(Cl)c(Cl)cc2Cl)cc1Cl,125,xgboost,combined,4.38,4.750810146331787,-0.3708101463317872,0.3708101463317872,0.6666666666666666,Clc1ccc(Cl)c(-c2ccc(Cl)c(Cl)c2)c1,,32598-11-1,in_domain
10496-18-1,,CCCCCCCCCCSSCCCCCCCCCC,126,xgboost,combined,1.15,0.8528662323951721,0.2971337676048278,0.2971337676048278,0.5714285714285714,CCCCCCCCCCCCCCC,n-Pentadecane,629-62-9,in_domain
100-42-5,,C=Cc1ccccc1,127,xgboost,combined,1.13,1.276772141456604,-0.1467721414566041,0.1467721414566041,0.6666666666666666,C=Cc1ccc(C=C)cc1,,105-06-6,in_domain
1460-02-2,"1,3,5-Tri-tert-butylbenzene",CC(C)(C)c1cc(C(C)(C)C)cc(C(C)(C)C)c1,128,xgboost,combined,4.38,3.1850485801696777,1.1949514198303222,1.1949514198303222,0.42105263157894735,CC(C)(C)c1ccc(O)cc1,p-tert-Butylphenol,98-54-4,in_domain
41464-42-0,"2,3'',5,5''-Tretrachlorobiphenyl",Clc1cc(Cl)cc(-c2cc(Cl)ccc2Cl)c1,129,xgboost,combined,4.85,4.150555610656738,0.6994443893432614,0.6994443893432614,0.6956521739130435,Clc1ccc(-c2cc(Cl)ccc2Cl)cc1,"2,4'',5-Trichlorobiphenyl",16606-02-3,in_domain
36335-67-8,,CCOP(=S)(NC(C)CC)Oc1cc(C)ccc1[N+](=O)[O-],130,xgboost,combined,2.46,2.5155234336853027,-0.0555234336853027,0.0555234336853027,0.38095238095238093,CCOP(=S)(NC(C)C)Oc1ccccc1C(=O)OC(C)C,,25311-71-1,out_of_domain
"71751-41-2 (65195-55-3 B1a, 65195-56-4 B1b)",,COC1CC(OC2C(C)OC(OC3C(C)=CCC4CC(CC5(CCC(C)CO5)O4)OC(=O)C4C=C(C)C(O)C5OCC(=CC=CC3C)C45O)CC2OC)OC(C)C1O,131,xgboost,combined,1.84,1.45895254611969,0.3810474538803101,0.3810474538803101,0.11475409836065574,C=CC1(C)CCC2C(=CCC3C(C)(C(=O)O)CCCC23C)C1,,5835-26-7,out_of_domain
94361-06-5,,CC(C1CC1)C(O)(Cn1cncn1)c1ccc(Cl)cc1,132,xgboost,combined,1.45,1.6471151113510132,-0.1971151113510132,0.1971151113510132,0.48148148148148145,CC(C)(C)C(O)(CCc1ccc(Cl)cc1)Cn1cncn1,,107534-96-3,in_domain
114311-32-9,,COCc1cnc(C2=NC(=O)C(C)(C(C)C)N2)c(C(=O)O)c1,133,xgboost,combined,-1.0,0.5017880201339722,-1.5017880201339722,1.5017880201339722,0.18461538461538463,COc1ccc(C(=O)c2ccccc2)c(O)c1,2-Hydroxy-4-methoxybenzophenone,131-57-7,out_of_domain
39515-41-8/64257-84-7,,CC1(C)C(C(=O)OC(C#N)c2cccc(Oc3ccccc3)c2)C1(C)C,134,xgboost,combined,3.04,2.943317413330078,0.0966825866699219,0.0966825866699219,0.6727272727272727,CC1(C)C(C=C(Cl)Cl)C1C(=O)OC(C#N)c1cccc(Oc2ccccc2)c1,,52315-07-8,in_domain
134-47-4,"6,6''-Ureylene-bis(1-naphthol-3-sulfonic acid)",O=C(Nc1ccc2c(O)cc(S(=O)(=O)O)cc2c1)Nc1ccc2c(O)cc(S(=O)(=O)O)cc2c1,135,xgboost,combined,0.02,0.2391326278448104,-0.2191326278448105,0.2191326278448105,0.4878048780487805,Nc1ccc2cc(S(=O)(=O)O)cc(O)c2c1,2-Amino-8-naphthol-6-sulfonic acid,90-51-7,in_domain
2631-40-5,o-Cumenyl methylcarbamate,CNC(=O)Oc1ccccc1C(C)C,136,xgboost,combined,0.82,1.057798981666565,-0.237798981666565,0.237798981666565,0.7142857142857143,CCC(C)c1ccccc1OC(=O)NC,,3766-81-2,in_domain
60-51-5,"O,O-Dimethyl-S-(N-methylcarbamoylmethyl) phosphorodithioate",CNC(=O)CSP(=S)(OC)OC,137,xgboost,combined,0.18,-0.1546754390001297,0.3346754390001297,0.3346754390001297,0.3488372093023256,COc1nn(CSP(=S)(OC)OC)c(=O)s1,,950-37-8,out_of_domain
28680-44-6,,ClC1=C(Cl)C2(Cl)CC1(Cl)C(Cl)=C2Cl,138,xgboost,combined,3.81,3.4587717056274414,0.3512282943725586,0.3512282943725586,0.35294117647058826,ClC1=C(Cl)C(Cl)(Cl)C(Cl)=C1Cl,,77-47-4,out_of_domain
132-64-9,Diphenylene oxide,c1ccc2c(c1)oc1ccccc12,139,xgboost,combined,3.19,2.8563687801361084,0.3336312198638915,0.3336312198638915,0.4666666666666667,c1ccc2c(c1)c1ccccc1c1ccccc21,Triphenylene,217-59-4,in_domain
105512-06-9,,C#CCOC(=O)C(C)Oc1ccc(Oc2ncc(Cl)cc2F)cc1,140,xgboost,combined,1.53,1.6378892660140991,-0.1078892660140991,0.1078892660140991,0.4838709677419355,COC(=O)C(C)Oc1ccc(Oc2ncc(C(F)(F)F)cc2Cl)cc1,,69806-40-2,in_domain
106-43-4,p-Chlorotoluene,Cc1ccc(Cl)cc1,141,xgboost,combined,1.8,1.9396041631698608,-0.1396041631698608,0.1396041631698608,0.6153846153846154,Cc1ccc(C)cc1,,106-42-3,in_domain
220899-03-6,,COc1cc(C)c(C(=O)c2c(OC)ccc(Br)c2C)c(OC)c1OC,142,xgboost,combined,2.72,2.091447591781616,0.628552408218384,0.628552408218384,0.29545454545454547,COc1cc(Cl)c(Cl)c(Cl)c1OC,,16766-29-3,out_of_domain
36065-30-2,,CC(Br)(CBr)COc1c(Br)cc(Br)cc1Br,143,xgboost,combined,4.32,3.4002766609191895,0.9197233390808108,0.9197233390808108,0.39473684210526316,CC(C)(c1cc(Br)c(OCCO)c(Br)c1)c1cc(Br)c(OCCO)c(Br)c1,,4162-45-2,out_of_domain
110-98-5,Dipropylene glycol,CC(O)COCC(C)O,144,xgboost,combined,0.56,0.0712184756994247,0.4887815243005753,0.4887815243005753,0.3684210526315789,CC(O)CN(CC(C)O)CC(C)O,Tris(2-hydroxypropyl)amine,122-20-3,out_of_domain
330-54-1,"3-(3,4-Dichlorophenyl)-1,1-dimethyl urea",CN(C)C(=O)Nc1ccc(Cl)c(Cl)c1,145,xgboost,combined,0.95,1.468384027481079,-0.5183840274810791,0.5183840274810791,0.7058823529411765,CON(C)C(=O)Nc1ccc(Cl)c(Cl)c1,"N-(3,4-Dichlorophenyl)-N''-methoxy-N''-methyl urea",330-55-2,in_domain
1805-32-9,,OCc1ccc(Cl)c(Cl)c1,146,xgboost,combined,0.51,1.3071216344833374,-0.7971216344833374,0.7971216344833374,0.5,OCc1cccc(Cl)c1,,873-63-2,in_domain
128-37-0,"2,6-di-tert-Butyl-p-cresol",Cc1cc(C(C)(C)C)c(O)c(C(C)(C)C)c1,147,xgboost,combined,3.12,3.2148053646087646,-0.0948053646087645,0.0948053646087645,0.68,Cc1cc(Cc2cc(C)cc(C(C)(C)C)c2O)c(O)c(C(C)(C)C)c1,"2,2''-Methylenebis(6-t-buthyl-4-methylphenol)",119-47-1,in_domain
298-06-6,,CCOP(=S)(S)OCC,148,xgboost,combined,0.45,0.4234471023082733,0.0265528976917266,0.0265528976917266,0.37037037037037035,CCOP(=S)(OCC)SCCSCC,,298-04-4,out_of_domain
62-53-3,,Nc1ccccc1,149,xgboost,combined,0.26,0.635152280330658,-0.3751522803306579,0.3751522803306579,0.42857142857142855,c1ccc(-c2ccccc2)cc1,,92-52-4,in_domain
60782-58-3,Trihexylsilanol,CCCCCC[Si](O)(CCCCCC)CCCCCC,150,xgboost,combined,2.11,1.619640231132507,0.4903597688674925,0.4903597688674925,0.5,CCCCCCCCCCCCCCC,n-Pentadecane,629-62-9,in_domain
613-12-7,2-Methyl anthracene,Cc1ccc2cc3ccccc3cc2c1,151,xgboost,combined,2.41,3.197173595428467,-0.7871735954284667,0.7871735954284667,0.8421052631578947,Cc1ccc2ccccc2c1,2-Methylnaphthalene,91-57-6,in_domain
555-03-3,m-Nitroanisole,COc1cccc([N+](=O)[O-])c1,152,xgboost,combined,0.75,0.9634643197059632,-0.2134643197059631,0.2134643197059631,0.6153846153846154,O=[N+]([O-])c1cccc([N+](=O)[O-])c1,,99-65-0,in_domain
19780-74-6,5-Ethyl-1-nonene,C=CCCC(CC)CCCC,153,xgboost,combined,3.43,3.4252169132232666,0.0047830867767335,0.0047830867767335,0.5333333333333333,C=COCC(CC)CCCC,2-Ethylhexylvinylether,103-44-6,in_domain
92341-06-5,,Clc1cc2oc3c(Cl)c(Cl)cc(Cl)c3c2c(Cl)c1Cl,154,xgboost,combined,3.2,3.379846572875977,-0.1798465728759763,0.1798465728759763,0.6,Clc1cc2c(oc3cc(Cl)c(Cl)c(Cl)c32)c(Cl)c1Cl,,57117-44-9,in_domain
106-48-9,p-Chlorophenol,Oc1ccc(Cl)cc1,155,xgboost,combined,1.42,1.049976110458374,0.3700238895416259,0.3700238895416259,0.6153846153846154,Clc1ccc(Cl)cc1,,106-46-7,in_domain
15302-91-7,,C[N+]1(C)CCCCC1,156,xgboost,combined,0.3,0.1936117708683014,0.1063882291316986,0.1063882291316986,0.2727272727272727,C1CCCCC1,Cyclohexane,110-82-7,out_of_domain
1067-97-6,,CCC[CH2][Sn]([OH])([CH2]CCC)[CH2]CCC,157,xgboost,combined,3.92,3.1545629501342773,0.7654370498657226,0.7654370498657226,0.5294117647058824,CCC[CH2][Sn]([CH2]CCC)([CH2]CCC)[CH2]CCC,Tetrabutyltin,1461-25-2,in_domain
1702-17-6,,O=C(O)c1nc(Cl)ccc1Cl,158,xgboost,combined,0.0,0.9487402439117432,-0.9487402439117432,0.9487402439117432,0.4838709677419355,Nc1cc(Cl)nc(C(=O)O)c1Cl,,150114-71-9,in_domain
74-11-3,,O=C(O)c1ccc(Cl)cc1,159,xgboost,combined,1.0,0.3814830780029297,0.6185169219970703,0.6185169219970703,0.5416666666666666,O=C(O)c1ccc(Cl)c(Cl)c1,,51-44-5,in_domain
180409-60-3,,O=C(Cc1ccccc1)NC(=NOCC1CC1)c1c(C(F)(F)F)ccc(F)c1F,160,xgboost,combined,2.72,2.483863353729248,0.2361366462707521,0.2361366462707521,0.22972972972972974,O=C(Nc1ccccc1)N(Cc1ccc(Cl)cc1)C1CCCC1,,66063-05-6,out_of_domain
23103-98-2,,Cc1nc(N(C)C)nc(OC(=O)N(C)C)c1C,161,xgboost,combined,1.38,0.4271290004253387,0.9528709995746611,0.9528709995746611,0.2,CN(C)c1ccc(C(=O)c2ccc(N(C)C)cc2)cc1,,90-94-8,out_of_domain
87-02-5,7-Amino-4-hydroxy-2-naphthalenesulfonic acid,Nc1ccc2c(O)cc(S(=O)(=O)O)cc2c1,162,xgboost,combined,0.11,0.5430300831794739,-0.4330300831794739,0.4330300831794739,0.7575757575757576,Nc1ccc2cc(S(=O)(=O)O)cc(O)c2c1,2-Amino-8-naphthol-6-sulfonic acid,90-51-7,in_domain
1687-30-5,,O=C(O)C1CCCCC1C(=O)O,163,xgboost,combined,0.05,0.2068251073360443,-0.1568251073360443,0.1568251073360443,0.5,CC1CCC(C(=O)O)C(C(=O)O)C1,,57567-84-7,in_domain
488-23-3,"1,2,3,4-Tetramethyl benzene",Cc1ccc(C)c(C)c1C,164,xgboost,combined,2.82,2.8739657402038574,-0.0539657402038575,0.0539657402038575,0.5714285714285714,Cc1cccc(C)c1C,,526-73-8,in_domain
81777-89-1,,CC1(C)CON(Cc2ccccc2Cl)C1=O,165,xgboost,combined,1.6,1.6360418796539309,-0.0360418796539305,0.0360418796539305,0.2571428571428571,Clc1ccccc1Cl,o-Dichlorobenzene,95-50-1,out_of_domain
92-94-4,,c1ccc(-c2ccc(-c3ccccc3)cc2)cc1,166,xgboost,combined,1.77,3.0967600345611572,-1.3267600345611572,1.3267600345611572,0.9,c1ccc(-c2ccccc2)cc1,,92-52-4,in_domain
2642-71-9,Azinphos-ethyl,CCOP(=S)(OCC)SCn1nnc2ccccc2c1=O,167,xgboost,combined,2.27,1.6809532642364502,0.5890467357635498,0.5890467357635498,0.7777777777777778,COP(=S)(OC)SCn1nnc2ccccc2c1=O,Azinphos-methyl,86-50-0,in_domain
2008-41-5,,CCSC(=O)N(CC(C)C)CC(C)C,168,xgboost,combined,2.61,2.3131134510040283,0.2968865489959715,0.2968865489959715,0.3076923076923077,CCCN(CCC)C(=O)SCc1ccccc1,,52888-80-9,out_of_domain
84-86-6,Naphthionic acid,Nc1ccc(S(=O)(=O)O)c2ccccc12,169,xgboost,combined,0.78,0.5426069498062134,0.2373930501937866,0.2373930501937866,0.6206896551724138,O=S(=O)(O)c1ccc(O)c2ccccc12,1-Naphthol-4-sulfonic acid,84-87-7,in_domain
124495-18-7,,Fc1ccc(Oc2ccnc3cc(Cl)cc(Cl)c23)cc1,170,xgboost,combined,3.7,2.914088487625122,0.7859115123748781,0.7859115123748781,0.3902439024390244,Clc1ccc(Oc2ccc(Cl)cc2Cl)cc1,"2,4,4''-Trichlorodiphenyl ether",59039-21-3,out_of_domain
60123-65-1,"3,3'',4,4'',6-Pentachlorodiphenyl ether",Clc1ccc(Oc2cc(Cl)c(Cl)cc2Cl)cc1Cl,171,xgboost,combined,4.08,4.335456371307373,-0.255456371307373,0.255456371307373,0.6923076923076923,Clc1ccc(Oc2cc(Cl)c(Cl)cc2Cl)cc1,"2,4,4'',5-Tetrachlorodiphenyl ether",61328-45-8,in_domain
56-55-3,Benz[a]anthracene,c1ccc2cc3c(ccc4ccccc43)cc2c1,172,xgboost,combined,2.48,2.548239231109619,-0.0682392311096191,0.0682392311096191,0.8888888888888888,c1ccc2c(c1)ccc1cc3c(ccc4ccccc43)cc12,"Dibenzo[a,h]anthracene",53-70-3,in_domain
1806-26-4,p-Octylphenol,CCCCCCCCc1ccc(O)cc1,173,xgboost,combined,2.28,2.491662979125977,-0.2116629791259767,0.2116629791259767,1.0,CCCCCCCCCc1ccc(O)cc1,,104-40-5,in_domain
938-22-7,,COc1c(Cl)cc(Cl)c(Cl)c1Cl,174,xgboost,combined,3.34,3.702926397323608,-0.3629263973236085,0.3629263973236085,0.6666666666666666,COc1cc(Cl)c(Cl)c(Cl)c1OC,,16766-29-3,in_domain
2691-41-0,,O=[N+]([O-])N1CN([N+](=O)[O-])CN([N+](=O)[O-])CN([N+](=O)[O-])C1,175,xgboost,combined,-0.3,0.3771101832389831,-0.6771101832389832,0.6771101832389832,1.0,O=[N+]([O-])N1CN([N+](=O)[O-])CN([N+](=O)[O-])C1,,121-82-4,in_domain
113136-77-9,,O=C(O)C1CC1C(=O)Nc1ccc(Cl)cc1Cl,176,xgboost,combined,-0.4,0.5859297513961792,-0.9859297513961792,0.9859297513961792,0.3333333333333333,O=C(O)COc1ccc(Cl)cc1Cl,,94-75-7,out_of_domain
3074-71-3,"2,3-Dimethylheptane",CCCCC(C)C(C)C,177,xgboost,combined,3.32,3.29730486869812,0.0226951313018797,0.0226951313018797,0.45454545454545453,CCCCC(C)CCCC(C)C,"2,6-Dimethyldecane",13150-81-7,in_domain
4292-75-5,n-Hexyl cyclohexane,CCCCCCC1CCCCC1,178,xgboost,combined,3.29,3.391634941101074,-0.1016349411010741,0.1016349411010741,0.4,CCCCCCCCCCCCCCC,n-Pentadecane,629-62-9,in_domain
91-66-7,"N,N-Diethylaniline",CCN(CC)c1ccccc1,179,xgboost,combined,2.04,1.8271188735961912,0.2128811264038086,0.2128811264038086,0.47619047619047616,CN(C)c1ccccc1,"N,N-Dimethylaniline",121-69-7,in_domain
67905-19-5,Hentriacontafluorohexadecanoic acid,O=C(O)C(F)(F)C(F)(F)C(F)(F)C(F)(F)C(F)(F)C(F)(F)C(F)(F)C(F)(F)C(F)(F)C(F)(F)C(F)(F)C(F)(F)C(F)(F)C(F)(F)C(F)(F)F,180,xgboost,combined,3.72,3.6498208045959473,0.0701791954040529,0.0701791954040529,1.0,O=C(O)C(F)(F)C(F)(F)C(F)(F)C(F)(F)C(F)(F)C(F)(F)C(F)(F)C(F)(F)C(F)(F)C(F)(F)C(F)(F)C(F)(F)C(F)(F)F,Perfluorotetradecanoic acid,376-06-7,in_domain
17109-49-8,,CCOP(=O)(Sc1ccccc1)Sc1ccccc1,181,xgboost,combined,1.51,1.95118510723114,-0.4411851072311401,0.4411851072311401,0.38235294117647056,CCOP(=O)(SC(C)CC)SC(C)CC,,95465-99-9,out_of_domain
33089-61-1,,Cc1ccc(N=CN(C)C=Nc2ccc(C)cc2C)c(C)c1,182,xgboost,combined,3.26,2.154162645339966,1.105837354660034,1.105837354660034,0.39285714285714285,Cc1ccc(C)c(C)c1,"1,2,4-Trimethylbenzene",95-63-6,out_of_domain
CAE_NA- R-A_NA_03,"1,2,3,4-Tetrabromobenzene",Brc1ccc(Br)c(Br)c1Br,183,xgboost,combined,3.18,3.50768518447876,-0.3276851844787596,0.3276851844787596,0.4117647058823529,Brc1ccc(Br)c(Br)c1,"1,2,4-Tribromobenzene",615-54-3,in_domain
13286-32-3,,CCOP(=O)(OCC)SCc1ccccc1,184,xgboost,combined,1.51,1.3107638359069824,0.1992361640930176,0.1992361640930176,0.6176470588235294,CC(C)OP(=O)(OC(C)C)SCc1ccccc1,,26087-47-8,in_domain
260-94-6,,c1ccc2nc3ccccc3cc2c1,185,xgboost,combined,2.25,2.1004648208618164,0.1495351791381836,0.1495351791381836,0.5833333333333334,c1ccc2nc3ccc4ccccc4c3cc2c1,,225-11-6,in_domain
03.10.39,,CCCCCCCCCCCCN=C(N)N,186,xgboost,combined,1.2,1.3547818660736084,-0.1547818660736084,0.1547818660736084,0.42105263157894735,CCCCCCCCCCCCCCC,n-Pentadecane,629-62-9,in_domain
4685-14-7,"N,N''-Dimethyl-4,4''-bipyridinium dichloride",C[n+]1ccc(-c2cc[n+](C)cc2)cc1,187,xgboost,combined,0.28,0.6931254863739014,-0.4131254863739013,0.4131254863739013,0.29411764705882354,c1ccc(-c2ccccc2)cc1,,92-52-4,out_of_domain
50925-42-3,,Cc1cc(Nc2nc(NCCO)nc(Nc3ccc(N=Nc4cc(S(=O)(=O)O)c5cccc(S(=O)(=O)O)c5c4)c(C)c3)n2)ccc1N=Nc1cc(S(=O)(=O)O)c2cccc(S(=O)(=O)O)c2c1,188,xgboost,combined,0.5,1.21620512008667,-0.7162051200866699,0.7162051200866699,0.3076923076923077,O=S(=O)(O)c1cccc2cc(Cc3ccc4c(S(=O)(=O)O)cccc4c3)ccc12,,26545-58-4,out_of_domain
86-30-6,N-Nitrosodiphenylamine,O=NN(c1ccccc1)c1ccccc1,189,xgboost,combined,1.41,1.6091127395629885,-0.1991127395629883,0.1991127395629883,0.4090909090909091,CN(C)c1ccccc1,"N,N-Dimethylaniline",121-69-7,in_domain
76-93-7,"2,2-Diphenyl-2-hydroxyacetic acid",O=C(O)C(O)(c1ccccc1)c1ccccc1,190,xgboost,combined,0.02,0.8762059807777405,-0.8562059807777405,0.8562059807777405,0.391304347826087,FC(F)(F)c1ccccc1,Benzotrifluoride,98-08-8,out_of_domain
1861-40-1,,CCCCN(CC)c1c([N+](=O)[O-])cc(C(F)(F)F)cc1[N+](=O)[O-],191,xgboost,combined,3.2,3.174525260925293,0.0254747390747072,0.0254747390747072,0.7435897435897436,CCCN(CCC)c1c([N+](=O)[O-])cc(C(F)(F)F)cc1[N+](=O)[O-],,1582-09-8,in_domain
944-22-9,Fonofos,CCOP(=S)(CC)Sc1ccccc1,192,xgboost,combined,1.89,2.660386800765991,-0.7703868007659913,0.7703868007659913,0.35555555555555557,CCOP(=S)(OCC)ON=C(C#N)c1ccccc1,"O,O-Diethyl-O(a-cyanobenzylideneamino) thiophosphate",14816-18-3,out_of_domain
143-50-0,,O=C1C2(Cl)C3(Cl)C4(Cl)C(Cl)(Cl)C5(Cl)C3(Cl)C1(Cl)C5(Cl)C24Cl,193,xgboost,combined,3.19,3.850185632705689,-0.6601856327056885,0.6601856327056885,0.4375,ClC1(Cl)C2(Cl)C3(Cl)C4(Cl)C(Cl)(Cl)C5(Cl)C3(Cl)C1(Cl)C5(Cl)C24Cl,,2385-85-5,in_domain
732-26-3,"2,4,6-tri-tert-Buthylphenol",CC(C)(C)c1cc(C(C)(C)C)c(O)c(C(C)(C)C)c1,194,xgboost,combined,4.16,3.3961691856384277,0.7638308143615724,0.7638308143615724,0.56,CC(C)(C)c1ccc(O)c(C(C)(C)C)c1,"2,4-di-tert-Butylphenol",96-76-4,in_domain
75-65-0,tert-Butyl alcohol,CC(C)(C)O,195,xgboost,combined,0.54,0.2774373292922973,0.2625626707077027,0.2625626707077027,0.45454545454545453,CC(C)(O)C(Cl)(Cl)Cl,"1,1,1-Trichloro-2-methyl-2-propanol",57-15-8,in_domain
83055-99-6,,COC(=O)c1ccccc1CS(=O)(=O)NC(=O)Nc1nc(OC)cc(OC)n1,196,xgboost,combined,0.2,0.1309032887220382,0.0690967112779617,0.0690967112779617,0.48333333333333334,COC(=O)c1ccccc1S(=O)(=O)NC(=O)Nc1nc(C)nc(OC)n1,,74223-64-6,in_domain
1678-98-4,iso-Butyl cyclohexane,CC(C)CC1CCCCC1,197,xgboost,combined,3.3,3.405437469482422,-0.105437469482422,0.105437469482422,0.4,CC1CCCCC1,Methylcyclohexane,108-87-2,in_domain
16605-91-7,"2,3-Dichlorobiphenyl",Clc1cccc(-c2ccccc2)c1Cl,198,xgboost,combined,3.85,3.517169952392578,0.3328300476074219,0.3328300476074219,0.6666666666666666,Clc1cccc(-c2cccc(Cl)c2Cl)c1Cl,"2,2'',3,3''-Tretrachlorobiphenyl",38444-93-8,in_domain
87-84-3,"1,2,3,4,5-Pentabromo-6-chlorocyclohexane",ClC1C(Br)C(Br)C(Br)C(Br)C1Br,199,xgboost,combined,2.43,3.3034443855285645,-0.8734443855285643,0.8734443855285643,0.36363636363636365,ClC1C(Cl)C(Cl)C(Cl)C(Cl)C1Cl,"1,2,3,4,5,6-Hexachlorocyclohexane",608-73-1,out_of_domain
67747-09-5,,CCCN(CCOc1c(Cl)cc(Cl)cc1Cl)C(=O)n1ccnc1,200,xgboost,combined,2.59,2.451894998550415,0.1381050014495848,0.1381050014495848,0.35714285714285715,CCCOCC(=Nc1ccc(Cl)cc1C(F)(F)F)n1ccnc1,,99387-89-0,out_of_domain
111-84-2,n-Nonane,CCCCCCCCC,201,xgboost,combined,3.15,3.2380428314208984,-0.0880428314208985,0.0880428314208985,1.0,CCCCCCCCCCCCCCC,n-Pentadecane,629-62-9,in_domain
81-88-9,,CCN(CC)c1ccc2c(-c3ccccc3C(=O)O)c3ccc(=[N+](CC)CC)cc-3oc2c1,202,xgboost,combined,-0.23,2.2577481269836426,-2.4877481269836426,2.4877481269836426,0.22033898305084745,O=C(O)c1ccccc1Cl,o-Chloro benzoic acid,118-91-2,out_of_domain
105-05-5,p-Diethylbenzene,CCc1ccc(CC)cc1,203,xgboost,combined,2.71,2.6992814540863037,0.0107185459136962,0.0107185459136962,0.5294117647058824,CCc1cccc(CC)c1,m-Diethylbenzene,141-93-5,in_domain
115-96-8,Tris(2-chloroethyl)phosphate,O=P(OCCCl)(OCCCl)OCCCl,204,xgboost,combined,0.16,0.2694153487682342,-0.1094153487682342,0.1094153487682342,0.45454545454545453,CCCCOP(=O)(OCCCC)OCCCC,Tri-n-butyl phosphate,126-73-8,in_domain
38380-08-4,PCB-155,Clc1ccc(-c2cc(Cl)c(Cl)c(Cl)c2Cl)cc1Cl,205,xgboost,combined,5.88,5.496932506561279,0.3830674934387206,0.3830674934387206,0.72,Clc1ccc(-c2ccc(Cl)c(Cl)c2Cl)cc1Cl,"2,3,3'',4,4''-Pentachlorobiphenyl",32598-14-4,in_domain
100-61-8,N-Methylaniline,CNc1ccccc1,206,xgboost,combined,0.83,0.821021318435669,0.008978681564331,0.008978681564331,0.5294117647058824,c1ccc(Nc2ccccc2)cc1,Diphenylamine,122-39-4,in_domain
107-39-1,Diisobutylene,C=C(C)CC(C)(C)C,207,xgboost,combined,2.81,3.0263869762420654,-0.2163869762420653,0.2163869762420653,0.4090909090909091,CC(=CC(C)(C)C)CC(C)(C)C,"2,2,4,6,6-Pentamethyl-3-heptene",123-48-8,in_domain
81335-77-5,,CCc1cnc(C2=NC(C)(C(C)C)C(=O)N2)c(C(=O)O)c1,208,xgboost,combined,0.2,0.5402171611785889,-0.3402171611785888,0.3402171611785888,0.2222222222222222,CCc1ccc2c(c1)C(=O)c1ccccc1C2=O,2-Ethylanthraquinone,84-51-5,out_of_domain
10319-14-9,Disperse Yellow 64,O=C1c2ccccc2C(=O)C1c1nc2ccccc2c(Br)c1O,209,xgboost,combined,1.06,1.8170480728149416,-0.7570480728149414,0.7570480728149414,0.2727272727272727,c1ccc2nc3ccc4ccccc4c3cc2c1,,225-11-6,out_of_domain
1779-48-2,,OP(O)c1ccccc1,210,xgboost,combined,0.36,0.4651175439357757,-0.1051175439357757,0.1051175439357757,0.3888888888888889,Oc1ccccc1,,108-95-2,out_of_domain
189278-12-4,,CCCOc1nc2ccc(I)cc2c(=O)n1CCC,211,xgboost,combined,2.91,1.8695348501205444,1.0404651498794557,1.0404651498794557,0.2222222222222222,O=c1c2cc(F)ccc2nc(-n2cncn2)n1-c1ccc(Cl)cc1Cl,,136426-54-5,out_of_domain
