rank,feature,mean_absolute_shap
1,log_kow,0.66898763
2,descriptor_MolLogP,0.16882513
3,descriptor_TPSA,0.06755254
4,descriptor_VSA_EState2,0.054810908
5,descriptor_VSA_EState10,0.049248952
6,descriptor_Chi0n,0.040276952
7,descriptor_SlogP_VSA7,0.030471973
8,descriptor_Phi,0.029399414
9,descriptor_NumHDonors,0.027758248
10,descriptor_SMR_VSA7,0.026847063
11,descriptor_Kappa2,0.025898142
12,descriptor_EState_VSA9,0.024958346
13,descriptor_MaxAbsPartialCharge,0.023647131
14,descriptor_PEOE_VSA1,0.022473976
15,descriptor_BCUT2D_CHGHI,0.022215337
16,descriptor_SlogP_VSA2,0.02217629
17,descriptor_BCUT2D_MWLOW,0.020889966
18,descriptor_EState_VSA5,0.020031437
19,descriptor_Chi1n,0.019381763
20,descriptor_fr_COO,0.016213015
21,descriptor_BCUT2D_MRLOW,0.01614122
22,descriptor_MaxAbsEStateIndex,0.015994558
23,descriptor_FpDensityMorgan3,0.015688052
24,descriptor_PEOE_VSA8,0.015474711
25,descriptor_VSA_EState5,0.015152214
26,descriptor_Chi1v,0.015083084
27,descriptor_qed,0.014556932
28,descriptor_SPS,0.014461923
29,descriptor_HallKierAlpha,0.013819436
30,descriptor_PEOE_VSA14,0.012897811
31,descriptor_PEOE_VSA9,0.012017164
32,descriptor_BCUT2D_LOGPHI,0.011959515
33,descriptor_VSA_EState3,0.010383456
34,descriptor_AvgIpc,0.010379143
35,descriptor_VSA_EState6,0.010115963
36,descriptor_fr_halogen,0.009931274
37,descriptor_EState_VSA4,0.009928225
38,descriptor_SMR_VSA9,0.009786208
39,descriptor_BertzCT,0.009639345
40,descriptor_VSA_EState4,0.00944504
41,descriptor_MinAbsEStateIndex,0.009277558
42,descriptor_Kappa3,0.009176166
43,descriptor_Chi3v,0.00900828
44,descriptor_FpDensityMorgan1,0.008860685
45,descriptor_BalabanJ,0.008748229
46,descriptor_SMR_VSA6,0.008597385
47,descriptor_PEOE_VSA6,0.007951549
48,fingerprint_807,0.007714444
49,descriptor_MinPartialCharge,0.0076671722
50,descriptor_PEOE_VSA7,0.007482745
51,descriptor_EState_VSA6,0.00728142
52,descriptor_VSA_EState7,0.0069946176
53,descriptor_LabuteASA,0.0069012567
54,descriptor_Chi4v,0.006856862
55,descriptor_NHOHCount,0.006850239
56,descriptor_BCUT2D_CHGLO,0.006228427
57,descriptor_MolMR,0.006115751
58,descriptor_SlogP_VSA5,0.00611491
59,fingerprint_486,0.0059153815
60,descriptor_FpDensityMorgan2,0.005735121
61,descriptor_Chi3n,0.005672668
62,descriptor_MolWt,0.0055511487
63,descriptor_SlogP_VSA8,0.0054852418
64,descriptor_MinAbsPartialCharge,0.00540467
65,descriptor_SlogP_VSA10,0.0053184815
66,descriptor_fr_C_O,0.005180025
67,descriptor_VSA_EState9,0.005179104
68,descriptor_EState_VSA1,0.005062853
69,descriptor_MaxPartialCharge,0.005015488
70,descriptor_Kappa1,0.0048803124
71,descriptor_NumRotatableBonds,0.004719854
72,descriptor_Chi2n,0.004718596
73,descriptor_SMR_VSA5,0.004683739
74,descriptor_EState_VSA3,0.0046047084
75,descriptor_NumHeteroatoms,0.0045278226
76,descriptor_PEOE_VSA10,0.0044546938
77,fingerprint_366,0.0044540986
78,descriptor_Chi2v,0.0044526155
79,fingerprint_1087,0.004448988
80,descriptor_BCUT2D_LOGPLOW,0.0042988774
81,descriptor_PEOE_VSA11,0.004241802
82,descriptor_Chi0v,0.004131644
83,descriptor_MinEStateIndex,0.004010907
84,descriptor_Ipc,0.003982554
85,descriptor_PEOE_VSA12,0.0039708503
86,fingerprint_114,0.003929391
87,descriptor_FractionCSP3,0.0038977633
88,fingerprint_1394,0.003687752
89,descriptor_SMR_VSA10,0.0036348582
90,descriptor_EState_VSA10,0.003605213
91,descriptor_EState_VSA2,0.0035853942
92,descriptor_EState_VSA8,0.0034760085
93,descriptor_SlogP_VSA11,0.0034346383
94,descriptor_SMR_VSA1,0.0034057752
95,fingerprint_1,0.0032946074
96,descriptor_Chi4n,0.0032883869
97,descriptor_VSA_EState1,0.0032170797
98,descriptor_fr_Ar_COO,0.0032096985
99,descriptor_BCUT2D_MWHI,0.0031933356
100,descriptor_BCUT2D_MRHI,0.0031724027
101,fingerprint_974,0.0031498573
102,descriptor_Chi0,0.0030343996
103,descriptor_SlogP_VSA3,0.0028786485
104,descriptor_HeavyAtomMolWt,0.0028581119
105,descriptor_PEOE_VSA13,0.002825508
106,fingerprint_562,0.002784749
107,descriptor_Chi1,0.002765562
108,descriptor_fr_Ar_OH,0.002763781
109,fingerprint_216,0.0027348036
110,descriptor_VSA_EState8,0.0025914023
111,descriptor_ExactMolWt,0.002585052
112,descriptor_EState_VSA7,0.0025216446
113,descriptor_SlogP_VSA6,0.0024788177
114,fingerprint_1088,0.0024675066
115,fingerprint_1443,0.002429814
116,descriptor_MaxEStateIndex,0.0023922608
117,descriptor_PEOE_VSA2,0.0023109808
118,fingerprint_816,0.0022581797
119,fingerprint_1039,0.0022559783
120,descriptor_NumHAcceptors,0.0021557685
121,descriptor_NumAromaticRings,0.0021494962
122,descriptor_NumValenceElectrons,0.0020218785
123,fingerprint_728,0.001940585
124,fingerprint_1888,0.0019341601
125,fingerprint_1440,0.0019122905
126,descriptor_fr_C_O_noCOO,0.0018990217
127,fingerprint_1199,0.0018943306
128,fingerprint_899,0.001883097
129,descriptor_fr_para_hydroxylation,0.0018272442
130,fingerprint_1739,0.0018237001
131,fingerprint_116,0.0017960394
132,fingerprint_1768,0.0016813906
133,descriptor_fr_COO2,0.0016735966
134,descriptor_fr_aryl_methyl,0.00161458
135,descriptor_SlogP_VSA4,0.0015570554
136,fingerprint_80,0.0015079797
137,fingerprint_81,0.0015051968
138,descriptor_PEOE_VSA3,0.0014736636
139,fingerprint_202,0.0014647769
140,fingerprint_1984,0.0014258827
141,fingerprint_598,0.0013950849
142,fingerprint_1535,0.0013789169
143,fingerprint_675,0.001340028
144,fingerprint_1415,0.0012456895
145,descriptor_PEOE_VSA4,0.0012232406
146,fingerprint_749,0.0012023645
147,fingerprint_1011,0.0011988215
148,fingerprint_352,0.0011970701
149,fingerprint_888,0.0011484209
150,descriptor_fr_Imine,0.0011434527
151,descriptor_fr_NH0,0.0011273699
152,fingerprint_1955,0.0011195244
153,descriptor_fr_bicyclic,0.0011027129
154,fingerprint_1716,0.0010976979
155,fingerprint_383,0.0010923034
156,fingerprint_1414,0.001087865
157,fingerprint_294,0.0010793275
158,descriptor_SlogP_VSA12,0.0010752373
159,fingerprint_339,0.0010644881
160,fingerprint_1452,0.0010536611
161,descriptor_SMR_VSA4,0.0010389481
162,fingerprint_502,0.0010234108
163,descriptor_fr_pyridine,0.0010158146
164,fingerprint_92,0.0010008104
165,fingerprint_283,0.0009973183
166,fingerprint_203,0.0009776547
167,fingerprint_1456,0.0009721782
168,fingerprint_20,0.0009495119
169,descriptor_RingCount,0.0009040443
170,fingerprint_463,0.0008956038
171,fingerprint_35,0.00087051286
172,fingerprint_192,0.000863774
173,fingerprint_1917,0.00085358816
174,fingerprint_843,0.0008477071
175,descriptor_fr_allylic_oxid,0.0008475571
176,fingerprint_1502,0.00078917184
177,descriptor_NumAromaticCarbocycles,0.0007830499
178,descriptor_fr_unbrch_alkane,0.0007768393
179,fingerprint_1187,0.000774677
180,descriptor_SlogP_VSA1,0.000768161
181,fingerprint_392,0.00076593936
182,fingerprint_1750,0.0007575148
183,descriptor_fr_alkyl_halide,0.00075190235
184,fingerprint_1280,0.0007475621
185,fingerprint_1385,0.0007457542
186,fingerprint_1395,0.00073743693
187,fingerprint_666,0.00071917655
188,fingerprint_1162,0.0007086604
189,fingerprint_348,0.0007055378
190,fingerprint_1400,0.0006992729
191,fingerprint_59,0.0006680898
192,descriptor_fr_benzene,0.0006652109
193,fingerprint_1170,0.0006627182
194,fingerprint_679,0.0006529695
195,fingerprint_389,0.0006323304
196,fingerprint_1855,0.00062330416
197,fingerprint_896,0.0006133974
198,fingerprint_1831,0.0006008437
199,fingerprint_1599,0.00059888896
200,fingerprint_667,0.00059497263
201,fingerprint_561,0.00059298344
202,fingerprint_715,0.00058664713
203,fingerprint_652,0.0005861817
204,fingerprint_1475,0.00057849614
205,fingerprint_967,0.0005697666
206,fingerprint_448,0.0005695087
207,descriptor_SMR_VSA3,0.000563523
208,fingerprint_725,0.0005626942
209,fingerprint_1918,0.00055984687
210,fingerprint_492,0.0005521727
211,fingerprint_276,0.0005480282
212,fingerprint_1160,0.00054033624
213,fingerprint_1873,0.0005273019
214,fingerprint_870,0.0005163846
215,fingerprint_1814,0.00051515666
216,fingerprint_1255,0.00050774054
217,fingerprint_1325,0.0004947302
218,descriptor_NumAliphaticCarbocycles,0.00048690086
219,fingerprint_238,0.0004800369
220,descriptor_NumHeterocycles,0.00047506462
221,fingerprint_1823,0.00046723985
222,fingerprint_345,0.00046316758
223,fingerprint_1886,0.00045303063
224,fingerprint_295,0.00044722992
225,descriptor_NumAmideBonds,0.00043894438
226,fingerprint_24,0.00043471096
227,fingerprint_235,0.00042192405
228,descriptor_NumAtomStereoCenters,0.00041672136
229,descriptor_NumSaturatedCarbocycles,0.00041074865
230,fingerprint_587,0.00040564165
231,fingerprint_54,0.00040474298
232,fingerprint_97,0.0003902854
233,descriptor_fr_SH,0.0003865745
234,fingerprint_1163,0.00038393584
235,fingerprint_184,0.00038313505
236,fingerprint_1349,0.00038110002
237,fingerprint_1573,0.0003782528
238,descriptor_fr_ether,0.00037811077
239,fingerprint_763,0.0003708386
240,fingerprint_875,0.00036911052
241,fingerprint_1758,0.00036896803
242,fingerprint_252,0.00036476282
243,fingerprint_90,0.00035753252
244,descriptor_fr_methoxy,0.00035190294
245,fingerprint_664,0.0003511697
246,fingerprint_1444,0.00033746863
247,fingerprint_1348,0.0003275047
248,fingerprint_164,0.00031437213
249,fingerprint_1906,0.0003125207
250,fingerprint_1357,0.00031213326
251,fingerprint_222,0.00031016787
252,descriptor_fr_Al_OH,0.00030844577
253,fingerprint_1964,0.0003079923
254,fingerprint_289,0.00030682207
255,descriptor_NOCount,0.00030385968
256,fingerprint_798,0.000297339
257,descriptor_NumAliphaticRings,0.00029698494
258,fingerprint_419,0.00029384388
259,fingerprint_582,0.0002913771
260,fingerprint_1152,0.00028587304
261,fingerprint_1209,0.0002840787
262,fingerprint_145,0.00028284898
263,fingerprint_1726,0.00028235468
264,fingerprint_314,0.00027933845
265,fingerprint_1057,0.0002736123
266,fingerprint_310,0.00027301355
267,fingerprint_1556,0.00026957758
268,fingerprint_556,0.00026687045
269,fingerprint_1876,0.00026603058
270,fingerprint_65,0.00024969218
271,fingerprint_1722,0.00024951014
272,fingerprint_180,0.00024817564
273,fingerprint_841,0.00024590478
274,fingerprint_1935,0.00023953978
275,fingerprint_423,0.00022813438
276,fingerprint_1416,0.0002202954
277,fingerprint_137,0.00021932565
278,fingerprint_1447,0.0002185533
279,descriptor_fr_aniline,0.00021838948
280,fingerprint_251,0.0002181819
281,fingerprint_1592,0.00021766571
282,fingerprint_1417,0.00021437576
283,fingerprint_1747,0.00021430537
284,fingerprint_1295,0.00021346647
285,fingerprint_674,0.00021241032
286,fingerprint_240,0.00021191307
287,fingerprint_296,0.00020437705
288,fingerprint_984,0.0002040907
289,fingerprint_70,0.00020329961
290,descriptor_fr_ArN,0.00019881605
291,fingerprint_1799,0.0001983021
292,fingerprint_1803,0.00019729199
293,fingerprint_853,0.00019685265
294,fingerprint_1696,0.00019604873
295,fingerprint_18,0.00019504715
296,fingerprint_694,0.00019302437
297,fingerprint_1274,0.00018890695
298,fingerprint_322,0.00018777794
299,fingerprint_1344,0.0001877663
300,fingerprint_1050,0.00018512881
301,fingerprint_1693,0.0001827481
302,fingerprint_126,0.00018247974
303,fingerprint_147,0.00018242016
304,fingerprint_1911,0.0001817348
305,fingerprint_165,0.0001789083
306,fingerprint_1496,0.00017769162
307,fingerprint_1487,0.00017754672
308,fingerprint_794,0.00017596013
309,fingerprint_190,0.00017376365
310,fingerprint_592,0.00017062276
311,fingerprint_1149,0.00016732309
312,fingerprint_630,0.00016481547
313,fingerprint_1028,0.00016313934
314,fingerprint_935,0.00016012398
315,fingerprint_1597,0.00015646045
316,fingerprint_1049,0.00015586197
317,fingerprint_1013,0.00015386807
318,fingerprint_836,0.00014937345
319,descriptor_fr_ketone,0.00014806003
320,fingerprint_1530,0.0001472322
321,fingerprint_1554,0.00014709383
322,fingerprint_1157,0.00014479514
323,fingerprint_837,0.00013483164
324,descriptor_PEOE_VSA5,0.00013381135
325,fingerprint_181,0.00013306529
326,fingerprint_193,0.00013226128
327,fingerprint_947,0.00013215745
328,fingerprint_811,0.00013068611
329,fingerprint_1308,0.00013029108
330,fingerprint_596,0.00012893495
331,fingerprint_1368,0.00012712348
332,fingerprint_33,0.00012512392
333,fingerprint_1019,0.00012467758
334,fingerprint_909,0.00012427058
335,fingerprint_1754,0.00012080671
336,fingerprint_1866,0.000120054094
337,fingerprint_1968,0.00011979865
338,fingerprint_1347,0.00011913012
339,fingerprint_1012,0.00011828302
340,descriptor_fr_NH1,0.000117509175
341,fingerprint_1391,0.00011719378
342,fingerprint_1581,0.00011465609
343,fingerprint_1825,0.000114237686
344,fingerprint_1362,0.00011380604
345,fingerprint_1457,0.000113668866
346,fingerprint_1366,0.000111173445
347,fingerprint_69,0.000110463705
348,fingerprint_89,0.000109686785
349,descriptor_NumSpiroAtoms,0.00010683314
350,fingerprint_685,9.956172e-05
351,fingerprint_469,9.783451e-05
352,fingerprint_1976,9.75228e-05
353,fingerprint_823,9.602444e-05
354,descriptor_fr_nitro_arom,9.574122e-05
355,fingerprint_341,9.53833e-05
356,fingerprint_1805,9.460363e-05
357,fingerprint_1356,9.406367e-05
358,fingerprint_1420,9.364324e-05
359,fingerprint_1665,9.2768845e-05
360,fingerprint_13,9.200866e-05
361,descriptor_NumAromaticHeterocycles,9.114208e-05
362,fingerprint_878,9.1033064e-05
363,fingerprint_627,9.065055e-05
364,fingerprint_656,8.984096e-05
365,fingerprint_401,8.953312e-05
366,fingerprint_803,8.916395e-05
367,fingerprint_1536,8.7293694e-05
368,fingerprint_1733,8.512942e-05
369,fingerprint_1982,8.497954e-05
370,fingerprint_599,8.408923e-05
371,fingerprint_489,8.360162e-05
372,fingerprint_390,7.955575e-05
373,fingerprint_1004,7.879532e-05
374,fingerprint_1734,7.714118e-05
375,fingerprint_701,7.537821e-05
376,fingerprint_1853,7.4681186e-05
377,fingerprint_407,7.089118e-05
378,fingerprint_109,7.0501854e-05
379,fingerprint_886,6.977815e-05
380,fingerprint_757,6.976742e-05
381,fingerprint_227,6.9711336e-05
382,fingerprint_623,6.95886e-05
383,fingerprint_1677,6.876269e-05
384,fingerprint_1804,6.734931e-05
385,fingerprint_2025,6.7085675e-05
386,fingerprint_1017,5.8572765e-05
387,fingerprint_94,5.818741e-05
388,fingerprint_1214,5.8010155e-05
389,fingerprint_1966,5.75827e-05
390,fingerprint_1930,5.5661407e-05
391,fingerprint_1021,5.5379067e-05
392,fingerprint_1336,5.1291277e-05
393,fingerprint_2,4.8750277e-05
394,descriptor_fr_sulfide,4.8678874e-05
395,fingerprint_541,4.7159225e-05
396,fingerprint_151,4.6434896e-05
397,fingerprint_381,4.574588e-05
398,fingerprint_1593,4.481279e-05
399,fingerprint_1673,4.4715867e-05
400,fingerprint_597,4.4307126e-05
401,fingerprint_992,4.3861633e-05
402,fingerprint_1508,4.3832235e-05
403,fingerprint_1249,4.262065e-05
404,fingerprint_1598,3.9607414e-05
405,fingerprint_636,3.893778e-05
406,fingerprint_1669,3.8003313e-05
407,fingerprint_1212,3.79295e-05
408,fingerprint_379,3.7631045e-05
409,fingerprint_1514,3.7423597e-05
410,fingerprint_1703,3.662462e-05
411,fingerprint_612,3.606326e-05
412,fingerprint_1025,3.5550678e-05
413,fingerprint_751,3.362146e-05
414,fingerprint_1388,3.2961663e-05
415,fingerprint_603,3.2351967e-05
416,fingerprint_1607,3.1546824e-05
417,fingerprint_585,3.1427513e-05
418,descriptor_fr_ester,3.107677e-05
419,fingerprint_680,3.0865314e-05
420,fingerprint_223,2.9992061e-05
421,fingerprint_554,2.8937458e-05
422,fingerprint_62,2.8106842e-05
423,fingerprint_2017,2.6924863e-05
424,fingerprint_689,2.6083935e-05
425,fingerprint_1155,2.5388827e-05
426,fingerprint_115,2.4730785e-05
427,fingerprint_249,2.2848622e-05
428,fingerprint_624,2.2520215e-05
429,fingerprint_766,2.1269736e-05
430,fingerprint_387,2.1020885e-05
431,fingerprint_1342,2.093171e-05
432,fingerprint_1273,1.9895018e-05
433,fingerprint_1656,1.9344328e-05
434,fingerprint_135,1.8703078e-05
435,fingerprint_1236,1.809285e-05
436,fingerprint_142,1.5301632e-05
437,fingerprint_136,1.4936558e-05
438,fingerprint_910,1.4625218e-05
439,fingerprint_67,1.3899896e-05
440,fingerprint_133,1.2630675e-05
441,fingerprint_1153,1.198238e-05
442,fingerprint_1544,1.171619e-05
443,descriptor_fr_nitro_arom_nonortho,1.15681705e-05
444,fingerprint_308,8.491804e-06
445,fingerprint_858,3.6295403e-06
446,fingerprint_1467,0.0
447,fingerprint_1392,0.0
448,fingerprint_1091,0.0
449,fingerprint_1398,0.0
450,fingerprint_1390,0.0
451,fingerprint_1090,0.0
452,fingerprint_1466,0.0
453,fingerprint_1397,0.0
454,fingerprint_1089,0.0
455,fingerprint_1075,0.0
456,fingerprint_1389,0.0
457,fingerprint_1451,0.0
458,fingerprint_1124,0.0
459,fingerprint_1399,0.0
460,fingerprint_1405,0.0
461,fingerprint_1076,0.0
462,fingerprint_1407,0.0
463,fingerprint_1167,0.0
464,fingerprint_1086,0.0
465,fingerprint_1168,0.0
466,fingerprint_1406,0.0
467,fingerprint_1404,0.0
468,fingerprint_1468,0.0
469,fingerprint_1403,0.0
470,fingerprint_1402,0.0
471,fingerprint_1463,0.0
472,fingerprint_1464,0.0
473,fingerprint_1465,0.0
474,fingerprint_1401,0.0
475,fingerprint_1094,0.0
476,fingerprint_1470,0.0
477,fingerprint_1469,0.0
478,fingerprint_1379,0.0
479,fingerprint_1135,0.0
480,fingerprint_1377,0.0
481,fingerprint_1376,0.0
482,fingerprint_1375,0.0
483,fingerprint_1134,0.0
484,fingerprint_1478,0.0
485,fingerprint_1374,0.0
486,fingerprint_1133,0.0
487,fingerprint_1373,0.0
488,fingerprint_1372,0.0
489,fingerprint_1131,0.0
490,fingerprint_1172,0.0
491,fingerprint_1371,0.0
492,fingerprint_1370,0.0
493,fingerprint_1369,0.0
494,fingerprint_1378,0.0
495,fingerprint_1380,0.0
496,fingerprint_1138,0.0
497,fingerprint_1477,0.0
498,fingerprint_1471,0.0
499,fingerprint_1137,0.0
500,fingerprint_1473,0.0
501,fingerprint_1387,0.0
502,fingerprint_1386,0.0
503,fingerprint_1474,0.0
504,fingerprint_1074,0.0
505,fingerprint_1171,0.0
506,fingerprint_1136,0.0
507,fingerprint_1384,0.0
508,fingerprint_1383,0.0
509,fingerprint_1382,0.0
510,fingerprint_1381,0.0
511,fingerprint_1476,0.0
512,fingerprint_1095,0.0
513,fingerprint_1166,0.0
514,fingerprint_1408,0.0
515,fingerprint_1462,0.0
516,fingerprint_1432,0.0
517,fingerprint_1438,0.0
518,fingerprint_1436,0.0
519,fingerprint_1079,0.0
520,fingerprint_1434,0.0
521,fingerprint_1433,0.0
522,fingerprint_1455,0.0
523,fingerprint_1150,0.0
524,fingerprint_1164,0.0
525,fingerprint_1151,0.0
526,fingerprint_1431,0.0
527,fingerprint_1430,0.0
528,fingerprint_1429,0.0
529,fingerprint_1428,0.0
530,fingerprint_1077,0.0
531,fingerprint_1130,0.0
532,fingerprint_1148,0.0
533,fingerprint_1441,0.0
534,fingerprint_1442,0.0
535,fingerprint_1147,0.0
536,fingerprint_1146,0.0
537,fingerprint_1145,0.0
538,fingerprint_1144,0.0
539,fingerprint_1445,0.0
540,fingerprint_1446,0.0
541,fingerprint_1143,0.0
542,fingerprint_1448,0.0
543,fingerprint_1142,0.0
544,fingerprint_1449,0.0
545,fingerprint_1454,0.0
546,fingerprint_1450,0.0
547,fingerprint_1453,0.0
548,fingerprint_1427,0.0
549,fingerprint_1129,0.0
550,fingerprint_1154,0.0
551,fingerprint_1158,0.0
552,fingerprint_1125,0.0
553,fingerprint_1409,0.0
554,fingerprint_1410,0.0
555,fingerprint_1411,0.0
556,fingerprint_1460,0.0
557,fingerprint_1412,0.0
558,fingerprint_1413,0.0
559,fingerprint_1126,0.0
560,fingerprint_1127,0.0
561,fingerprint_1085,0.0
562,fingerprint_1161,0.0
563,fingerprint_1159,0.0
564,fingerprint_1459,0.0
565,fingerprint_1139,0.0
566,fingerprint_1084,0.0
567,fingerprint_1081,0.0
568,fingerprint_1418,0.0
569,fingerprint_1128,0.0
570,fingerprint_1156,0.0
571,fingerprint_1458,0.0
572,fingerprint_1083,0.0
573,fingerprint_1140,0.0
574,fingerprint_1421,0.0
575,fingerprint_1422,0.0
576,fingerprint_1423,0.0
577,fingerprint_1141,0.0
578,fingerprint_1424,0.0
579,fingerprint_1367,0.0
580,fingerprint_1426,0.0
581,fingerprint_1082,0.0
582,fingerprint_1173,0.0
583,fingerprint_1234,0.0
584,fingerprint_1174,0.0
585,fingerprint_1219,0.0
586,fingerprint_1220,0.0
587,fingerprint_1109,0.0
588,fingerprint_1278,0.0
589,fingerprint_1277,0.0
590,fingerprint_1276,0.0
591,fingerprint_1221,0.0
592,fingerprint_1275,0.0
593,fingerprint_1223,0.0
594,fingerprint_1272,0.0
595,fingerprint_1271,0.0
596,fingerprint_1270,0.0
597,fingerprint_1269,0.0
598,fingerprint_1268,0.0
599,fingerprint_1267,0.0
600,fingerprint_1265,0.0
601,fingerprint_1264,0.0
602,fingerprint_1263,0.0
603,fingerprint_1279,0.0
604,fingerprint_1107,0.0
605,fingerprint_1224,0.0
606,fingerprint_1281,0.0
607,fingerprint_1103,0.0
608,fingerprint_1210,0.0
609,fingerprint_1293,0.0
610,fingerprint_1292,0.0
611,fingerprint_1291,0.0
612,fingerprint_1290,0.0
613,fingerprint_1288,0.0
614,fingerprint_1104,0.0
615,fingerprint_1287,0.0
616,fingerprint_1286,0.0
617,fingerprint_1285,0.0
618,fingerprint_1283,0.0
619,fingerprint_1213,0.0
620,fingerprint_1105,0.0
621,fingerprint_1282,0.0
622,fingerprint_1217,0.0
623,fingerprint_1218,0.0
624,fingerprint_1262,0.0
625,fingerprint_1260,0.0
626,fingerprint_1365,0.0
627,fingerprint_1113,0.0
628,fingerprint_1244,0.0
629,fingerprint_1243,0.0
630,fingerprint_1242,0.0
631,fingerprint_1241,0.0
632,fingerprint_1114,0.0
633,fingerprint_1232,0.0
634,fingerprint_1115,0.0
635,fingerprint_1240,0.0
636,fingerprint_1479,0.0
637,fingerprint_1239,0.0
638,fingerprint_1119,0.0
639,fingerprint_1238,0.0
640,fingerprint_1237,0.0
641,fingerprint_1233,0.0
642,fingerprint_1116,0.0
643,fingerprint_1118,0.0
644,fingerprint_1117,0.0
645,fingerprint_1245,0.0
646,fingerprint_1246,0.0
647,fingerprint_1259,0.0
648,fingerprint_1248,0.0
649,fingerprint_1258,0.0
650,fingerprint_1225,0.0
651,fingerprint_1257,0.0
652,fingerprint_1256,0.0
653,fingerprint_1110,0.0
654,fingerprint_1111,0.0
655,fingerprint_1226,0.0
656,fingerprint_1254,0.0
657,fingerprint_1253,0.0
658,fingerprint_1252,0.0
659,fingerprint_1227,0.0
660,fingerprint_1228,0.0
661,fingerprint_1230,0.0
662,fingerprint_1251,0.0
663,fingerprint_1250,0.0
664,fingerprint_1112,0.0
665,fingerprint_1231,0.0
666,fingerprint_1208,0.0
667,fingerprint_1120,0.0
668,fingerprint_1294,0.0
669,fingerprint_1350,0.0
670,fingerprint_1122,0.0
671,fingerprint_1346,0.0
672,fingerprint_1190,0.0
673,fingerprint_1343,0.0
674,fingerprint_1097,0.0
675,fingerprint_1341,0.0
676,fingerprint_1340,0.0
677,fingerprint_1339,0.0
678,fingerprint_1337,0.0
679,fingerprint_1334,0.0
680,fingerprint_1333,0.0
681,fingerprint_1332,0.0
682,fingerprint_1331,0.0
683,fingerprint_1330,0.0
684,fingerprint_1329,0.0
685,fingerprint_1191,0.0
686,fingerprint_1328,0.0
687,fingerprint_1189,0.0
688,fingerprint_1351,0.0
689,fingerprint_1207,0.0
690,fingerprint_1096,0.0
691,fingerprint_1363,0.0
692,fingerprint_1176,0.0
693,fingerprint_1361,0.0
694,fingerprint_1179,0.0
695,fingerprint_1359,0.0
696,fingerprint_1358,0.0
697,fingerprint_1181,0.0
698,fingerprint_1182,0.0
699,fingerprint_1183,0.0
700,fingerprint_1355,0.0
701,fingerprint_1184,0.0
702,fingerprint_1354,0.0
703,fingerprint_1185,0.0
704,fingerprint_1235,0.0
705,fingerprint_1353,0.0
706,fingerprint_1352,0.0
707,fingerprint_1188,0.0
708,fingerprint_1327,0.0
709,fingerprint_1193,0.0
710,fingerprint_1194,0.0
711,fingerprint_1326,0.0
712,fingerprint_1100,0.0
713,fingerprint_1307,0.0
714,fingerprint_1306,0.0
715,fingerprint_1101,0.0
716,fingerprint_1305,0.0
717,fingerprint_1304,0.0
718,fingerprint_1203,0.0
719,fingerprint_1303,0.0
720,fingerprint_1204,0.0
721,fingerprint_1302,0.0
722,fingerprint_1205,0.0
723,fingerprint_1300,0.0
724,fingerprint_1102,0.0
725,fingerprint_1299,0.0
726,fingerprint_1297,0.0
727,fingerprint_1206,0.0
728,fingerprint_1296,0.0
729,fingerprint_1202,0.0
730,fingerprint_1201,0.0
731,fingerprint_1200,0.0
732,fingerprint_1319,0.0
733,fingerprint_1195,0.0
734,fingerprint_1099,0.0
735,fingerprint_1324,0.0
736,fingerprint_1322,0.0
737,fingerprint_1197,0.0
738,fingerprint_1321,0.0
739,fingerprint_1320,0.0
740,fingerprint_1121,0.0
741,fingerprint_1309,0.0
742,fingerprint_1317,0.0
743,fingerprint_1316,0.0
744,fingerprint_1314,0.0
745,fingerprint_1198,0.0
746,fingerprint_1313,0.0
747,fingerprint_1312,0.0
748,fingerprint_1310,0.0
749,fingerprint_1301,0.0
750,fingerprint_1625,0.0
751,fingerprint_1480,0.0
752,fingerprint_1854,0.0
753,fingerprint_1871,0.0
754,fingerprint_1870,0.0
755,fingerprint_1867,0.0
756,fingerprint_1864,0.0
757,fingerprint_1863,0.0
758,fingerprint_1862,0.0
759,fingerprint_1860,0.0
760,fingerprint_1859,0.0
761,fingerprint_1858,0.0
762,fingerprint_1857,0.0
763,fingerprint_1856,0.0
764,fingerprint_1852,0.0
765,fingerprint_1910,0.0
766,fingerprint_1851,0.0
767,fingerprint_1850,0.0
768,fingerprint_1849,0.0
769,fingerprint_1848,0.0
770,fingerprint_1847,0.0
771,fingerprint_1846,0.0
772,fingerprint_1845,0.0
773,fingerprint_1844,0.0
774,fingerprint_1843,0.0
775,fingerprint_1840,0.0
776,fingerprint_1839,0.0
777,fingerprint_1872,0.0
778,fingerprint_1874,0.0
779,fingerprint_1875,0.0
780,fingerprint_1877,0.0
781,fingerprint_1905,0.0
782,fingerprint_1904,0.0
783,fingerprint_1903,0.0
784,fingerprint_1901,0.0
785,fingerprint_1900,0.0
786,fingerprint_1898,0.0
787,fingerprint_1897,0.0
788,fingerprint_1896,0.0
789,fingerprint_1895,0.0
790,fingerprint_1894,0.0
791,fingerprint_1893,0.0
792,fingerprint_1892,0.0
793,fingerprint_1891,0.0
794,fingerprint_1890,0.0
795,fingerprint_1889,0.0
796,fingerprint_1887,0.0
797,fingerprint_1885,0.0
798,fingerprint_1884,0.0
799,fingerprint_1883,0.0
800,fingerprint_1881,0.0
801,fingerprint_1880,0.0
802,fingerprint_1879,0.0
803,fingerprint_1878,0.0
804,fingerprint_1838,0.0
805,fingerprint_1835,0.0
806,fingerprint_1833,0.0
807,fingerprint_1793,0.0
808,fingerprint_1790,0.0
809,fingerprint_1789,0.0
810,fingerprint_1787,0.0
811,fingerprint_1786,0.0
812,fingerprint_1785,0.0
813,fingerprint_1784,0.0
814,fingerprint_1783,0.0
815,fingerprint_1781,0.0
816,fingerprint_1780,0.0
817,fingerprint_1779,0.0
818,fingerprint_1778,0.0
819,fingerprint_1775,0.0
820,fingerprint_1774,0.0
821,fingerprint_1773,0.0
822,fingerprint_1771,0.0
823,fingerprint_1770,0.0
824,fingerprint_1769,0.0
825,fingerprint_1765,0.0
826,fingerprint_1764,0.0
827,fingerprint_1763,0.0
828,fingerprint_1761,0.0
829,fingerprint_1760,0.0
830,fingerprint_1759,0.0
831,fingerprint_1791,0.0
832,fingerprint_1794,0.0
833,fingerprint_1832,0.0
834,fingerprint_1795,0.0
835,fingerprint_1829,0.0
836,fingerprint_1828,0.0
837,fingerprint_1826,0.0
838,fingerprint_1824,0.0
839,fingerprint_1822,0.0
840,fingerprint_1821,0.0
841,fingerprint_1820,0.0
842,fingerprint_1819,0.0
843,fingerprint_1818,0.0
844,fingerprint_1817,0.0
845,fingerprint_1816,0.0
846,fingerprint_1815,0.0
847,fingerprint_1812,0.0
848,fingerprint_1811,0.0
849,fingerprint_1810,0.0
850,fingerprint_1809,0.0
851,fingerprint_1808,0.0
852,fingerprint_1807,0.0
853,fingerprint_1806,0.0
854,fingerprint_1802,0.0
855,fingerprint_1801,0.0
856,fingerprint_1800,0.0
857,fingerprint_1796,0.0
858,fingerprint_1908,0.0
859,fingerprint_1912,0.0
860,fingerprint_1755,0.0
861,fingerprint_1998,0.0
862,fingerprint_2012,0.0
863,fingerprint_2011,0.0
864,fingerprint_2010,0.0
865,fingerprint_2009,0.0
866,fingerprint_2008,0.0
867,fingerprint_2006,0.0
868,fingerprint_2005,0.0
869,fingerprint_2004,0.0
870,fingerprint_2001,0.0
871,fingerprint_2000,0.0
872,fingerprint_1999,0.0
873,fingerprint_1997,0.0
874,fingerprint_1913,0.0
875,fingerprint_1996,0.0
876,fingerprint_1995,0.0
877,fingerprint_1994,0.0
878,fingerprint_1993,0.0
879,fingerprint_1992,0.0
880,fingerprint_1991,0.0
881,fingerprint_1990,0.0
882,fingerprint_1989,0.0
883,fingerprint_1988,0.0
884,fingerprint_1987,0.0
885,fingerprint_1985,0.0
886,fingerprint_2013,0.0
887,fingerprint_2014,0.0
888,fingerprint_2016,0.0
889,fingerprint_2018,0.0
890,fingerprint_2047,0.0
891,fingerprint_2046,0.0
892,fingerprint_2045,0.0
893,fingerprint_2044,0.0
894,fingerprint_2043,0.0
895,fingerprint_2042,0.0
896,fingerprint_2040,0.0
897,fingerprint_2039,0.0
898,fingerprint_2038,0.0
899,fingerprint_2037,0.0
900,fingerprint_2036,0.0
901,fingerprint_2035,0.0
902,fingerprint_2034,0.0
903,fingerprint_2033,0.0
904,fingerprint_2032,0.0
905,fingerprint_2029,0.0
906,fingerprint_2028,0.0
907,fingerprint_2026,0.0
908,fingerprint_2024,0.0
909,fingerprint_2023,0.0
910,fingerprint_2021,0.0
911,fingerprint_2020,0.0
912,fingerprint_2019,0.0
913,fingerprint_1981,0.0
914,fingerprint_1980,0.0
915,fingerprint_1979,0.0
916,fingerprint_1946,0.0
917,fingerprint_1944,0.0
918,fingerprint_1943,0.0
919,fingerprint_1941,0.0
920,fingerprint_1940,0.0
921,fingerprint_1939,0.0
922,fingerprint_1938,0.0
923,fingerprint_1936,0.0
924,fingerprint_1934,0.0
925,fingerprint_1933,0.0
926,fingerprint_1932,0.0
927,fingerprint_1929,0.0
928,fingerprint_1928,0.0
929,fingerprint_1927,0.0
930,fingerprint_1926,0.0
931,fingerprint_1925,0.0
932,fingerprint_1924,0.0
933,fingerprint_1923,0.0
934,fingerprint_1922,0.0
935,fingerprint_1921,0.0
936,fingerprint_1920,0.0
937,fingerprint_1919,0.0
938,fingerprint_1915,0.0
939,fingerprint_1914,0.0
940,fingerprint_1945,0.0
941,fingerprint_1947,0.0
942,fingerprint_1978,0.0
943,fingerprint_1948,0.0
944,fingerprint_1977,0.0
945,fingerprint_1975,0.0
946,fingerprint_1973,0.0
947,fingerprint_1972,0.0
948,fingerprint_1971,0.0
949,fingerprint_1970,0.0
950,fingerprint_1969,0.0
951,fingerprint_1967,0.0
952,fingerprint_1965,0.0
953,fingerprint_1963,0.0
954,fingerprint_1962,0.0
955,fingerprint_1961,0.0
956,fingerprint_1960,0.0
957,fingerprint_1959,0.0
958,fingerprint_1958,0.0
959,fingerprint_1957,0.0
960,fingerprint_1956,0.0
961,fingerprint_1954,0.0
962,fingerprint_1953,0.0
963,fingerprint_1952,0.0
964,fingerprint_1951,0.0
965,fingerprint_1950,0.0
966,fingerprint_1949,0.0
967,fingerprint_1757,0.0
968,fingerprint_1753,0.0
969,fingerprint_1481,0.0
970,fingerprint_1568,0.0
971,fingerprint_1584,0.0
972,fingerprint_1583,0.0
973,fingerprint_1582,0.0
974,fingerprint_1580,0.0
975,fingerprint_1577,0.0
976,fingerprint_1576,0.0
977,fingerprint_1575,0.0
978,fingerprint_1574,0.0
979,fingerprint_1572,0.0
980,fingerprint_1571,0.0
981,fingerprint_1570,0.0
982,fingerprint_1567,0.0
983,fingerprint_1622,0.0
984,fingerprint_1566,0.0
985,fingerprint_1565,0.0
986,fingerprint_1564,0.0
987,fingerprint_1563,0.0
988,fingerprint_1562,0.0
989,fingerprint_1561,0.0
990,fingerprint_1560,0.0
991,fingerprint_1559,0.0
992,fingerprint_1558,0.0
993,fingerprint_1557,0.0
994,fingerprint_1555,0.0
995,fingerprint_1585,0.0
996,fingerprint_1586,0.0
997,fingerprint_1587,0.0
998,fingerprint_1588,0.0
999,fingerprint_1620,0.0
1000,fingerprint_1619,0.0
1001,fingerprint_1618,0.0
1002,fingerprint_1617,0.0
1003,fingerprint_1616,0.0
1004,fingerprint_1615,0.0
1005,fingerprint_1614,0.0
1006,fingerprint_1613,0.0
1007,fingerprint_1612,0.0
1008,fingerprint_1611,0.0
1009,fingerprint_1610,0.0
1010,fingerprint_1609,0.0
1011,fingerprint_1608,0.0
1012,fingerprint_1606,0.0
1013,fingerprint_1604,0.0
1014,fingerprint_1603,0.0
1015,fingerprint_1602,0.0
1016,fingerprint_1600,0.0
1017,fingerprint_1595,0.0
1018,fingerprint_1594,0.0
1019,fingerprint_1591,0.0
1020,fingerprint_1590,0.0
1021,fingerprint_1589,0.0
1022,fingerprint_1552,0.0
1023,fingerprint_1551,0.0
1024,fingerprint_1550,0.0
1025,fingerprint_1515,0.0
1026,fingerprint_1512,0.0
1027,fingerprint_1510,0.0
1028,fingerprint_1509,0.0
1029,fingerprint_1507,0.0
1030,fingerprint_1506,0.0
1031,fingerprint_1505,0.0
1032,fingerprint_1504,0.0
1033,fingerprint_1503,0.0
1034,fingerprint_1501,0.0
1035,fingerprint_1500,0.0
1036,fingerprint_1499,0.0
1037,fingerprint_1498,0.0
1038,fingerprint_1497,0.0
1039,fingerprint_1495,0.0
1040,fingerprint_1494,0.0
1041,fingerprint_1491,0.0
1042,fingerprint_1490,0.0
1043,fingerprint_1489,0.0
1044,fingerprint_1488,0.0
1045,fingerprint_1486,0.0
1046,fingerprint_1484,0.0
1047,fingerprint_1483,0.0
1048,fingerprint_1482,0.0
1049,fingerprint_1513,0.0
1050,fingerprint_1516,0.0
1051,fingerprint_1549,0.0
1052,fingerprint_1517,0.0
1053,fingerprint_1548,0.0
1054,fingerprint_1546,0.0
1055,fingerprint_1545,0.0
1056,fingerprint_1543,0.0
1057,fingerprint_1542,0.0
1058,fingerprint_1541,0.0
1059,fingerprint_1539,0.0
1060,fingerprint_1537,0.0
1061,fingerprint_1534,0.0
1062,fingerprint_1533,0.0
1063,fingerprint_1532,0.0
1064,fingerprint_1531,0.0
1065,fingerprint_1528,0.0
1066,fingerprint_1527,0.0
1067,fingerprint_1526,0.0
1068,fingerprint_1525,0.0
1069,fingerprint_1524,0.0
1070,fingerprint_1523,0.0
1071,fingerprint_1522,0.0
1072,fingerprint_1521,0.0
1073,fingerprint_1520,0.0
1074,fingerprint_1519,0.0
1075,fingerprint_1518,0.0
1076,fingerprint_1621,0.0
1077,fingerprint_1623,0.0
1078,fingerprint_1752,0.0
1079,fingerprint_1704,0.0
1080,fingerprint_1715,0.0
1081,fingerprint_1714,0.0
1082,fingerprint_1713,0.0
1083,fingerprint_1712,0.0
1084,fingerprint_1711,0.0
1085,fingerprint_1710,0.0
1086,fingerprint_1709,0.0
1087,fingerprint_1708,0.0
1088,fingerprint_1707,0.0
1089,fingerprint_1706,0.0
1090,fingerprint_1705,0.0
1091,fingerprint_1702,0.0
1092,fingerprint_1624,0.0
1093,fingerprint_1701,0.0
1094,fingerprint_1700,0.0
1095,fingerprint_1699,0.0
1096,fingerprint_1698,0.0
1097,fingerprint_1697,0.0
1098,fingerprint_1695,0.0
1099,fingerprint_1694,0.0
1100,fingerprint_1692,0.0
1101,fingerprint_1691,0.0
1102,fingerprint_1690,0.0
1103,fingerprint_1689,0.0
1104,fingerprint_1717,0.0
1105,fingerprint_1718,0.0
1106,fingerprint_1719,0.0
1107,fingerprint_1720,0.0
1108,fingerprint_1751,0.0
1109,fingerprint_1749,0.0
1110,fingerprint_1748,0.0
1111,fingerprint_1746,0.0
1112,fingerprint_1745,0.0
1113,fingerprint_1744,0.0
1114,fingerprint_1743,0.0
1115,fingerprint_1742,0.0
1116,fingerprint_1741,0.0
1117,fingerprint_1740,0.0
1118,fingerprint_1738,0.0
1119,fingerprint_1737,0.0
1120,fingerprint_1736,0.0
1121,fingerprint_1735,0.0
1122,fingerprint_1731,0.0
1123,fingerprint_1730,0.0
1124,fingerprint_1729,0.0
1125,fingerprint_1728,0.0
1126,fingerprint_1727,0.0
1127,fingerprint_1725,0.0
1128,fingerprint_1724,0.0
1129,fingerprint_1723,0.0
1130,fingerprint_1721,0.0
1131,fingerprint_1688,0.0
1132,fingerprint_1687,0.0
1133,fingerprint_1686,0.0
1134,fingerprint_1650,0.0
1135,fingerprint_1648,0.0
1136,fingerprint_1647,0.0
1137,fingerprint_1646,0.0
1138,fingerprint_1645,0.0
1139,fingerprint_1644,0.0
1140,fingerprint_1643,0.0
1141,fingerprint_1642,0.0
1142,fingerprint_1641,0.0
1143,fingerprint_1640,0.0
1144,fingerprint_1639,0.0
1145,fingerprint_1638,0.0
1146,fingerprint_1637,0.0
1147,fingerprint_1636,0.0
1148,fingerprint_1634,0.0
1149,fingerprint_1633,0.0
1150,fingerprint_1632,0.0
1151,fingerprint_1631,0.0
1152,fingerprint_1630,0.0
1153,fingerprint_1629,0.0
1154,fingerprint_1628,0.0
1155,fingerprint_1627,0.0
1156,fingerprint_1626,0.0
1157,fingerprint_1072,0.0
1158,fingerprint_1649,0.0
1159,fingerprint_1652,0.0
1160,fingerprint_1685,0.0
1161,fingerprint_1653,0.0
1162,fingerprint_1683,0.0
1163,fingerprint_1682,0.0
1164,fingerprint_1681,0.0
1165,fingerprint_1680,0.0
1166,fingerprint_1679,0.0
1167,fingerprint_1678,0.0
1168,fingerprint_1676,0.0
1169,fingerprint_1675,0.0
1170,fingerprint_1674,0.0
1171,fingerprint_1672,0.0
1172,fingerprint_1671,0.0
1173,fingerprint_1670,0.0
1174,fingerprint_1668,0.0
1175,fingerprint_1666,0.0
1176,fingerprint_1664,0.0
1177,fingerprint_1663,0.0
1178,fingerprint_1661,0.0
1179,fingerprint_1660,0.0
1180,fingerprint_1659,0.0
1181,fingerprint_1658,0.0
1182,fingerprint_1657,0.0
1183,fingerprint_1655,0.0
1184,fingerprint_1654,0.0
1185,fingerprint_1073,0.0
1186,fingerprint_915,0.0
1187,fingerprint_1071,0.0
1188,fingerprint_318,0.0
1189,fingerprint_331,0.0
1190,fingerprint_330,0.0
1191,fingerprint_329,0.0
1192,fingerprint_328,0.0
1193,fingerprint_326,0.0
1194,fingerprint_325,0.0
1195,fingerprint_324,0.0
1196,fingerprint_323,0.0
1197,fingerprint_321,0.0
1198,fingerprint_320,0.0
1199,fingerprint_319,0.0
1200,fingerprint_317,0.0
1201,fingerprint_1070,0.0
1202,fingerprint_316,0.0
1203,fingerprint_315,0.0
1204,fingerprint_313,0.0
1205,fingerprint_312,0.0
1206,fingerprint_311,0.0
1207,fingerprint_309,0.0
1208,fingerprint_307,0.0
1209,fingerprint_306,0.0
1210,fingerprint_305,0.0
1211,fingerprint_304,0.0
1212,fingerprint_303,0.0
1213,fingerprint_332,0.0
1214,fingerprint_333,0.0
1215,fingerprint_334,0.0
1216,fingerprint_335,0.0
1217,fingerprint_367,0.0
1218,fingerprint_363,0.0
1219,fingerprint_362,0.0
1220,fingerprint_361,0.0
1221,fingerprint_360,0.0
1222,fingerprint_359,0.0
1223,fingerprint_358,0.0
1224,fingerprint_357,0.0
1225,fingerprint_356,0.0
1226,fingerprint_355,0.0
1227,fingerprint_354,0.0
1228,fingerprint_353,0.0
1229,fingerprint_351,0.0
1230,fingerprint_350,0.0
1231,fingerprint_349,0.0
1232,fingerprint_347,0.0
1233,fingerprint_346,0.0
1234,fingerprint_344,0.0
1235,fingerprint_343,0.0
1236,fingerprint_342,0.0
1237,fingerprint_340,0.0
1238,fingerprint_338,0.0
1239,fingerprint_336,0.0
1240,fingerprint_302,0.0
1241,fingerprint_301,0.0
1242,fingerprint_300,0.0
1243,fingerprint_262,0.0
1244,fingerprint_260,0.0
1245,fingerprint_259,0.0
1246,fingerprint_257,0.0
1247,fingerprint_256,0.0
1248,fingerprint_255,0.0
1249,fingerprint_254,0.0
1250,fingerprint_253,0.0
1251,fingerprint_250,0.0
1252,fingerprint_248,0.0
1253,fingerprint_247,0.0
1254,fingerprint_246,0.0
1255,fingerprint_245,0.0
1256,fingerprint_244,0.0
1257,fingerprint_243,0.0
1258,fingerprint_242,0.0
1259,fingerprint_241,0.0
1260,fingerprint_239,0.0
1261,fingerprint_237,0.0
1262,fingerprint_236,0.0
1263,fingerprint_234,0.0
1264,fingerprint_233,0.0
1265,fingerprint_232,0.0
1266,fingerprint_231,0.0
1267,fingerprint_261,0.0
1268,fingerprint_263,0.0
1269,fingerprint_299,0.0
1270,fingerprint_264,0.0
1271,fingerprint_298,0.0
1272,fingerprint_297,0.0
1273,fingerprint_293,0.0
1274,fingerprint_288,0.0
1275,fingerprint_287,0.0
1276,fingerprint_286,0.0
1277,fingerprint_285,0.0
1278,fingerprint_284,0.0
1279,fingerprint_282,0.0
1280,fingerprint_281,0.0
1281,fingerprint_280,0.0
1282,fingerprint_279,0.0
1283,fingerprint_277,0.0
1284,fingerprint_275,0.0
1285,fingerprint_274,0.0
1286,fingerprint_273,0.0
1287,fingerprint_272,0.0
1288,fingerprint_271,0.0
1289,fingerprint_270,0.0
1290,fingerprint_268,0.0
1291,fingerprint_267,0.0
1292,fingerprint_266,0.0
1293,fingerprint_265,0.0
1294,fingerprint_368,0.0
1295,fingerprint_369,0.0
1296,fingerprint_370,0.0
1297,fingerprint_471,0.0
1298,fingerprint_468,0.0
1299,fingerprint_467,0.0
1300,fingerprint_466,0.0
1301,fingerprint_465,0.0
1302,fingerprint_464,0.0
1303,fingerprint_462,0.0
1304,fingerprint_461,0.0
1305,fingerprint_460,0.0
1306,fingerprint_459,0.0
1307,fingerprint_458,0.0
1308,fingerprint_457,0.0
1309,fingerprint_456,0.0
1310,fingerprint_455,0.0
1311,fingerprint_453,0.0
1312,fingerprint_452,0.0
1313,fingerprint_451,0.0
1314,fingerprint_450,0.0
1315,fingerprint_449,0.0
1316,fingerprint_447,0.0
1317,fingerprint_446,0.0
1318,fingerprint_445,0.0
1319,fingerprint_444,0.0
1320,fingerprint_443,0.0
1321,fingerprint_470,0.0
1322,fingerprint_472,0.0
1323,fingerprint_441,0.0
1324,fingerprint_473,0.0
1325,fingerprint_501,0.0
1326,fingerprint_500,0.0
1327,fingerprint_499,0.0
1328,fingerprint_497,0.0
1329,fingerprint_496,0.0
1330,fingerprint_495,0.0
1331,fingerprint_494,0.0
1332,fingerprint_493,0.0
1333,fingerprint_491,0.0
1334,fingerprint_490,0.0
1335,fingerprint_488,0.0
1336,fingerprint_487,0.0
1337,fingerprint_485,0.0
1338,fingerprint_484,0.0
1339,fingerprint_483,0.0
1340,fingerprint_482,0.0
1341,fingerprint_481,0.0
1342,fingerprint_480,0.0
1343,fingerprint_479,0.0
1344,fingerprint_478,0.0
1345,fingerprint_477,0.0
1346,fingerprint_476,0.0
1347,fingerprint_475,0.0
1348,fingerprint_442,0.0
1349,fingerprint_440,0.0
1350,fingerprint_371,0.0
1351,fingerprint_410,0.0
1352,fingerprint_408,0.0
1353,fingerprint_406,0.0
1354,fingerprint_405,0.0
1355,fingerprint_404,0.0
1356,fingerprint_403,0.0
1357,fingerprint_402,0.0
1358,fingerprint_399,0.0
1359,fingerprint_397,0.0
1360,fingerprint_395,0.0
1361,fingerprint_394,0.0
1362,fingerprint_391,0.0
1363,fingerprint_386,0.0
1364,fingerprint_385,0.0
1365,fingerprint_384,0.0
1366,fingerprint_382,0.0
1367,fingerprint_380,0.0
1368,fingerprint_378,0.0
1369,fingerprint_377,0.0
1370,fingerprint_376,0.0
1371,fingerprint_375,0.0
1372,fingerprint_374,0.0
1373,fingerprint_373,0.0
1374,fingerprint_372,0.0
1375,fingerprint_409,0.0
1376,fingerprint_411,0.0
1377,fingerprint_439,0.0
1378,fingerprint_412,0.0
1379,fingerprint_438,0.0
1380,fingerprint_437,0.0
1381,fingerprint_436,0.0
1382,fingerprint_435,0.0
1383,fingerprint_434,0.0
1384,fingerprint_433,0.0
1385,fingerprint_432,0.0
1386,fingerprint_431,0.0
1387,fingerprint_430,0.0
1388,fingerprint_429,0.0
1389,fingerprint_428,0.0
1390,fingerprint_427,0.0
1391,fingerprint_426,0.0
1392,fingerprint_425,0.0
1393,fingerprint_424,0.0
1394,fingerprint_422,0.0
1395,fingerprint_421,0.0
1396,fingerprint_420,0.0
1397,fingerprint_418,0.0
1398,fingerprint_417,0.0
1399,fingerprint_415,0.0
1400,fingerprint_414,0.0
1401,fingerprint_413,0.0
1402,fingerprint_230,0.0
1403,fingerprint_229,0.0
1404,fingerprint_228,0.0
1405,fingerprint_37,0.0
1406,fingerprint_32,0.0
1407,fingerprint_31,0.0
1408,fingerprint_30,0.0
1409,fingerprint_29,0.0
1410,fingerprint_28,0.0
1411,fingerprint_27,0.0
1412,fingerprint_26,0.0
1413,fingerprint_25,0.0
1414,fingerprint_23,0.0
1415,fingerprint_21,0.0
1416,fingerprint_19,0.0
1417,fingerprint_16,0.0
1418,fingerprint_15,0.0
1419,fingerprint_14,0.0
1420,fingerprint_11,0.0
1421,fingerprint_10,0.0
1422,fingerprint_9,0.0
1423,fingerprint_8,0.0
1424,fingerprint_7,0.0
1425,fingerprint_5,0.0
1426,fingerprint_4,0.0
1427,fingerprint_3,0.0
1428,fingerprint_0,0.0
1429,fingerprint_34,0.0
1430,fingerprint_38,0.0
1431,descriptor_fr_thiophene,0.0
1432,fingerprint_40,0.0
1433,fingerprint_73,0.0
1434,fingerprint_72,0.0
1435,fingerprint_71,0.0
1436,fingerprint_68,0.0
1437,fingerprint_66,0.0
1438,fingerprint_64,0.0
1439,fingerprint_63,0.0
1440,fingerprint_61,0.0
1441,fingerprint_60,0.0
1442,fingerprint_58,0.0
1443,fingerprint_57,0.0
1444,fingerprint_56,0.0
1445,fingerprint_55,0.0
1446,fingerprint_53,0.0
1447,fingerprint_52,0.0
1448,fingerprint_51,0.0
1449,fingerprint_50,0.0
1450,fingerprint_49,0.0
1451,fingerprint_47,0.0
1452,fingerprint_45,0.0
1453,fingerprint_44,0.0
1454,fingerprint_43,0.0
1455,fingerprint_41,0.0
1456,descriptor_fr_urea,0.0
1457,descriptor_fr_thiocyan,0.0
1458,fingerprint_76,0.0
1459,descriptor_fr_furan,0.0
1460,descriptor_fr_azo,0.0
1461,descriptor_fr_amidine,0.0
1462,descriptor_fr_amide,0.0
1463,descriptor_fr_alkyl_carbamate,0.0
1464,descriptor_fr_aldehyde,0.0
1465,descriptor_fr_Nhpyrrole,0.0
1466,descriptor_fr_Ndealkylation2,0.0
1467,descriptor_fr_Ndealkylation1,0.0
1468,descriptor_fr_N_O,0.0
1469,descriptor_fr_NH2,0.0
1470,descriptor_fr_C_S,0.0
1471,descriptor_fr_Ar_NH,0.0
1472,descriptor_fr_Ar_N,0.0
1473,descriptor_fr_Al_OH_noTert,0.0
1474,descriptor_fr_Al_COO,0.0
1475,descriptor_NumUnspecifiedAtomStereoCenters,0.0
1476,descriptor_NumSaturatedRings,0.0
1477,descriptor_NumSaturatedHeterocycles,0.0
1478,descriptor_NumBridgeheadAtoms,0.0
1479,descriptor_NumAliphaticHeterocycles,0.0
1480,descriptor_HeavyAtomCount,0.0
1481,descriptor_EState_VSA11,0.0
1482,descriptor_SMR_VSA2,0.0
1483,descriptor_fr_epoxide,0.0
1484,descriptor_fr_guanido,0.0
1485,descriptor_fr_thiazole,0.0
1486,descriptor_fr_hdrzine,0.0
1487,descriptor_fr_term_acetylene,0.0
1488,descriptor_fr_sulfone,0.0
1489,descriptor_fr_sulfonamd,0.0
1490,descriptor_fr_quatN,0.0
1491,descriptor_fr_prisulfonamd,0.0
1492,descriptor_fr_priamide,0.0
1493,descriptor_fr_piperzine,0.0
1494,descriptor_fr_piperdine,0.0
1495,descriptor_fr_phos_ester,0.0
1496,descriptor_fr_phos_acid,0.0
1497,descriptor_fr_phenol_noOrthoHbond,0.0
1498,descriptor_fr_phenol,0.0
1499,descriptor_fr_oxime,0.0
1500,descriptor_fr_oxazole,0.0
1501,descriptor_fr_nitroso,0.0
1502,descriptor_fr_nitro,0.0
1503,descriptor_fr_nitrile,0.0
1504,descriptor_fr_morpholine,0.0
1505,descriptor_fr_lactone,0.0
1506,descriptor_fr_ketone_Topliss,0.0
1507,descriptor_fr_imide,0.0
1508,descriptor_fr_imidazole,0.0
1509,descriptor_fr_hdrzone,0.0
1510,fingerprint_74,0.0
1511,fingerprint_77,0.0
1512,fingerprint_226,0.0
1513,fingerprint_191,0.0
1514,fingerprint_188,0.0
1515,fingerprint_187,0.0
1516,fingerprint_186,0.0
1517,fingerprint_185,0.0
1518,fingerprint_183,0.0
1519,fingerprint_182,0.0
1520,fingerprint_179,0.0
1521,fingerprint_178,0.0
1522,fingerprint_177,0.0
1523,fingerprint_175,0.0
1524,fingerprint_174,0.0
1525,fingerprint_173,0.0
1526,fingerprint_172,0.0
1527,fingerprint_171,0.0
1528,fingerprint_169,0.0
1529,fingerprint_168,0.0
1530,fingerprint_167,0.0
1531,fingerprint_166,0.0
1532,fingerprint_163,0.0
1533,fingerprint_162,0.0
1534,fingerprint_161,0.0
1535,fingerprint_160,0.0
1536,fingerprint_159,0.0
1537,fingerprint_189,0.0
1538,fingerprint_194,0.0
1539,fingerprint_157,0.0
1540,fingerprint_195,0.0
1541,fingerprint_225,0.0
1542,fingerprint_221,0.0
1543,fingerprint_220,0.0
1544,fingerprint_219,0.0
1545,fingerprint_218,0.0
1546,fingerprint_217,0.0
1547,fingerprint_215,0.0
1548,fingerprint_214,0.0
1549,fingerprint_213,0.0
1550,fingerprint_212,0.0
1551,fingerprint_211,0.0
1552,fingerprint_210,0.0
1553,fingerprint_209,0.0
1554,fingerprint_208,0.0
1555,fingerprint_207,0.0
1556,fingerprint_206,0.0
1557,fingerprint_205,0.0
1558,fingerprint_204,0.0
1559,fingerprint_201,0.0
1560,fingerprint_200,0.0
1561,fingerprint_199,0.0
1562,fingerprint_198,0.0
1563,fingerprint_197,0.0
1564,fingerprint_158,0.0
1565,fingerprint_155,0.0
1566,fingerprint_78,0.0
1567,fingerprint_113,0.0
1568,fingerprint_110,0.0
1569,fingerprint_108,0.0
1570,fingerprint_107,0.0
1571,fingerprint_106,0.0
1572,fingerprint_105,0.0
1573,fingerprint_104,0.0
1574,fingerprint_103,0.0
1575,fingerprint_102,0.0
1576,fingerprint_101,0.0
1577,fingerprint_100,0.0
1578,fingerprint_99,0.0
1579,fingerprint_98,0.0
1580,fingerprint_96,0.0
1581,fingerprint_95,0.0
1582,fingerprint_93,0.0
1583,fingerprint_91,0.0
1584,fingerprint_88,0.0
1585,fingerprint_87,0.0
1586,fingerprint_86,0.0
1587,fingerprint_84,0.0
1588,fingerprint_83,0.0
1589,fingerprint_82,0.0
1590,fingerprint_79,0.0
1591,fingerprint_112,0.0
1592,fingerprint_117,0.0
1593,fingerprint_154,0.0
1594,fingerprint_118,0.0
1595,fingerprint_152,0.0
1596,fingerprint_150,0.0
1597,fingerprint_149,0.0
1598,fingerprint_148,0.0
1599,fingerprint_146,0.0
1600,fingerprint_144,0.0
1601,fingerprint_140,0.0
1602,fingerprint_139,0.0
1603,fingerprint_138,0.0
1604,fingerprint_134,0.0
1605,fingerprint_132,0.0
1606,fingerprint_131,0.0
1607,fingerprint_130,0.0
1608,fingerprint_129,0.0
1609,fingerprint_128,0.0
1610,fingerprint_127,0.0
1611,fingerprint_125,0.0
1612,fingerprint_124,0.0
1613,fingerprint_123,0.0
1614,fingerprint_122,0.0
1615,fingerprint_121,0.0
1616,fingerprint_120,0.0
1617,fingerprint_119,0.0
1618,fingerprint_503,0.0
1619,fingerprint_504,0.0
1620,fingerprint_505,0.0
1621,fingerprint_906,0.0
1622,fingerprint_903,0.0
1623,fingerprint_901,0.0
1624,fingerprint_898,0.0
1625,fingerprint_897,0.0
1626,fingerprint_895,0.0
1627,fingerprint_894,0.0
1628,fingerprint_893,0.0
1629,fingerprint_892,0.0
1630,fingerprint_890,0.0
1631,fingerprint_887,0.0
1632,fingerprint_885,0.0
1633,fingerprint_884,0.0
1634,fingerprint_883,0.0
1635,fingerprint_882,0.0
1636,fingerprint_881,0.0
1637,fingerprint_880,0.0
1638,fingerprint_879,0.0
1639,fingerprint_877,0.0
1640,fingerprint_876,0.0
1641,fingerprint_874,0.0
1642,fingerprint_873,0.0
1643,fingerprint_872,0.0
1644,fingerprint_871,0.0
1645,fingerprint_904,0.0
1646,fingerprint_908,0.0
1647,fingerprint_868,0.0
1648,fingerprint_911,0.0
1649,fingerprint_937,0.0
1650,fingerprint_936,0.0
1651,fingerprint_934,0.0
1652,fingerprint_933,0.0
1653,fingerprint_932,0.0
1654,fingerprint_931,0.0
1655,fingerprint_930,0.0
1656,fingerprint_929,0.0
1657,fingerprint_928,0.0
1658,fingerprint_927,0.0
1659,fingerprint_926,0.0
1660,fingerprint_925,0.0
1661,fingerprint_924,0.0
1662,fingerprint_922,0.0
1663,fingerprint_921,0.0
1664,fingerprint_920,0.0
1665,fingerprint_919,0.0
1666,fingerprint_918,0.0
1667,fingerprint_917,0.0
1668,fingerprint_916,0.0
1669,fingerprint_914,0.0
1670,fingerprint_913,0.0
1671,fingerprint_912,0.0
1672,fingerprint_869,0.0
1673,fingerprint_867,0.0
1674,fingerprint_939,0.0
1675,fingerprint_830,0.0
1676,fingerprint_828,0.0
1677,fingerprint_826,0.0
1678,fingerprint_825,0.0
1679,fingerprint_824,0.0
1680,fingerprint_822,0.0
1681,fingerprint_821,0.0
1682,fingerprint_820,0.0
1683,fingerprint_819,0.0
1684,fingerprint_815,0.0
1685,fingerprint_814,0.0
1686,fingerprint_813,0.0
1687,fingerprint_810,0.0
1688,fingerprint_809,0.0
1689,fingerprint_808,0.0
1690,fingerprint_806,0.0
1691,fingerprint_805,0.0
1692,fingerprint_804,0.0
1693,fingerprint_802,0.0
1694,fingerprint_801,0.0
1695,fingerprint_800,0.0
1696,fingerprint_799,0.0
1697,fingerprint_797,0.0
1698,fingerprint_796,0.0
1699,fingerprint_829,0.0
1700,fingerprint_831,0.0
1701,fingerprint_866,0.0
1702,fingerprint_832,0.0
1703,fingerprint_865,0.0
1704,fingerprint_864,0.0
1705,fingerprint_863,0.0
1706,fingerprint_862,0.0
1707,fingerprint_861,0.0
1708,fingerprint_860,0.0
1709,fingerprint_859,0.0
1710,fingerprint_857,0.0
1711,fingerprint_856,0.0
1712,fingerprint_855,0.0
1713,fingerprint_852,0.0
1714,fingerprint_850,0.0
1715,fingerprint_849,0.0
1716,fingerprint_848,0.0
1717,fingerprint_847,0.0
1718,fingerprint_846,0.0
1719,fingerprint_844,0.0
1720,fingerprint_840,0.0
1721,fingerprint_839,0.0
1722,fingerprint_838,0.0
1723,fingerprint_835,0.0
1724,fingerprint_834,0.0
1725,fingerprint_833,0.0
1726,fingerprint_938,0.0
1727,fingerprint_940,0.0
1728,fingerprint_792,0.0
1729,fingerprint_1038,0.0
1730,fingerprint_1035,0.0
1731,fingerprint_1034,0.0
1732,fingerprint_1033,0.0
1733,fingerprint_1032,0.0
1734,fingerprint_1031,0.0
1735,fingerprint_1030,0.0
1736,fingerprint_1029,0.0
1737,fingerprint_1027,0.0
1738,fingerprint_1026,0.0
1739,fingerprint_1024,0.0
1740,fingerprint_1023,0.0
1741,fingerprint_1022,0.0
1742,fingerprint_1020,0.0
1743,fingerprint_1018,0.0
1744,fingerprint_1015,0.0
1745,fingerprint_1014,0.0
1746,fingerprint_1010,0.0
1747,fingerprint_1009,0.0
1748,fingerprint_1008,0.0
1749,fingerprint_1007,0.0
1750,fingerprint_1006,0.0
1751,fingerprint_1005,0.0
1752,fingerprint_1003,0.0
1753,fingerprint_1036,0.0
1754,fingerprint_1040,0.0
1755,fingerprint_1001,0.0
1756,fingerprint_1041,0.0
1757,fingerprint_1069,0.0
1758,fingerprint_1068,0.0
1759,fingerprint_1067,0.0
1760,fingerprint_1066,0.0
1761,fingerprint_1065,0.0
1762,fingerprint_1064,0.0
1763,fingerprint_1063,0.0
1764,fingerprint_1062,0.0
1765,fingerprint_1061,0.0
1766,fingerprint_1060,0.0
1767,fingerprint_1059,0.0
1768,fingerprint_1058,0.0
1769,fingerprint_1056,0.0
1770,fingerprint_1055,0.0
1771,fingerprint_1054,0.0
1772,fingerprint_1053,0.0
1773,fingerprint_1052,0.0
1774,fingerprint_1051,0.0
1775,fingerprint_1047,0.0
1776,fingerprint_1045,0.0
1777,fingerprint_1044,0.0
1778,fingerprint_1043,0.0
1779,fingerprint_1042,0.0
1780,fingerprint_1002,0.0
1781,fingerprint_1000,0.0
1782,fingerprint_941,0.0
1783,fingerprint_968,0.0
1784,fingerprint_965,0.0
1785,fingerprint_964,0.0
1786,fingerprint_963,0.0
1787,fingerprint_962,0.0
1788,fingerprint_961,0.0
1789,fingerprint_960,0.0
1790,fingerprint_959,0.0
1791,fingerprint_958,0.0
1792,fingerprint_957,0.0
1793,fingerprint_956,0.0
1794,fingerprint_955,0.0
1795,fingerprint_954,0.0
1796,fingerprint_953,0.0
1797,fingerprint_952,0.0
1798,fingerprint_951,0.0
1799,fingerprint_950,0.0
1800,fingerprint_949,0.0
1801,fingerprint_948,0.0
1802,fingerprint_946,0.0
1803,fingerprint_945,0.0
1804,fingerprint_944,0.0
1805,fingerprint_943,0.0
1806,fingerprint_942,0.0
1807,fingerprint_966,0.0
1808,fingerprint_969,0.0
1809,fingerprint_999,0.0
1810,fingerprint_970,0.0
1811,fingerprint_998,0.0
1812,fingerprint_997,0.0
1813,fingerprint_996,0.0
1814,fingerprint_995,0.0
1815,fingerprint_993,0.0
1816,fingerprint_991,0.0
1817,fingerprint_990,0.0
1818,fingerprint_989,0.0
1819,fingerprint_988,0.0
1820,fingerprint_987,0.0
1821,fingerprint_986,0.0
1822,fingerprint_985,0.0
1823,fingerprint_983,0.0
1824,fingerprint_982,0.0
1825,fingerprint_981,0.0
1826,fingerprint_980,0.0
1827,fingerprint_979,0.0
1828,fingerprint_978,0.0
1829,fingerprint_976,0.0
1830,fingerprint_975,0.0
1831,fingerprint_973,0.0
1832,fingerprint_972,0.0
1833,fingerprint_971,0.0
1834,fingerprint_795,0.0
1835,fingerprint_791,0.0
1836,fingerprint_506,0.0
1837,fingerprint_610,0.0
1838,fingerprint_608,0.0
1839,fingerprint_606,0.0
1840,fingerprint_605,0.0
1841,fingerprint_604,0.0
1842,fingerprint_602,0.0
1843,fingerprint_601,0.0
1844,fingerprint_600,0.0
1845,fingerprint_595,0.0
1846,fingerprint_594,0.0
1847,fingerprint_593,0.0
1848,fingerprint_591,0.0
1849,fingerprint_590,0.0
1850,fingerprint_589,0.0
1851,fingerprint_588,0.0
1852,fingerprint_586,0.0
1853,fingerprint_584,0.0
1854,fingerprint_583,0.0
1855,fingerprint_581,0.0
1856,fingerprint_578,0.0
1857,fingerprint_577,0.0
1858,fingerprint_576,0.0
1859,fingerprint_575,0.0
1860,fingerprint_574,0.0
1861,fingerprint_609,0.0
1862,fingerprint_611,0.0
1863,fingerprint_572,0.0
1864,fingerprint_613,0.0
1865,fingerprint_644,0.0
1866,fingerprint_643,0.0
1867,fingerprint_642,0.0
1868,fingerprint_641,0.0
1869,fingerprint_640,0.0
1870,fingerprint_639,0.0
1871,fingerprint_638,0.0
1872,fingerprint_637,0.0
1873,fingerprint_635,0.0
1874,fingerprint_633,0.0
1875,fingerprint_632,0.0
1876,fingerprint_631,0.0
1877,fingerprint_629,0.0
1878,fingerprint_628,0.0
1879,fingerprint_626,0.0
1880,fingerprint_625,0.0
1881,fingerprint_622,0.0
1882,fingerprint_620,0.0
1883,fingerprint_618,0.0
1884,fingerprint_617,0.0
1885,fingerprint_616,0.0
1886,fingerprint_615,0.0
1887,fingerprint_614,0.0
1888,fingerprint_573,0.0
1889,fingerprint_571,0.0
1890,fingerprint_647,0.0
1891,fingerprint_537,0.0
1892,fingerprint_535,0.0
1893,fingerprint_534,0.0
1894,fingerprint_532,0.0
1895,fingerprint_531,0.0
1896,fingerprint_530,0.0
1897,fingerprint_529,0.0
1898,fingerprint_528,0.0
1899,fingerprint_526,0.0
1900,fingerprint_525,0.0
1901,fingerprint_524,0.0
1902,fingerprint_523,0.0
1903,fingerprint_522,0.0
1904,fingerprint_521,0.0
1905,fingerprint_520,0.0
1906,fingerprint_519,0.0
1907,fingerprint_517,0.0
1908,fingerprint_516,0.0
1909,fingerprint_514,0.0
1910,fingerprint_513,0.0
1911,fingerprint_511,0.0
1912,fingerprint_510,0.0
1913,fingerprint_509,0.0
1914,fingerprint_507,0.0
1915,fingerprint_536,0.0
1916,fingerprint_539,0.0
1917,fingerprint_570,0.0
1918,fingerprint_540,0.0
1919,fingerprint_569,0.0
1920,fingerprint_568,0.0
1921,fingerprint_567,0.0
1922,fingerprint_566,0.0
1923,fingerprint_565,0.0
1924,fingerprint_564,0.0
1925,fingerprint_563,0.0
1926,fingerprint_559,0.0
1927,fingerprint_558,0.0
1928,fingerprint_557,0.0
1929,fingerprint_555,0.0
1930,fingerprint_553,0.0
1931,fingerprint_552,0.0
1932,fingerprint_551,0.0
1933,fingerprint_550,0.0
1934,fingerprint_549,0.0
1935,fingerprint_548,0.0
1936,fingerprint_547,0.0
1937,fingerprint_546,0.0
1938,fingerprint_545,0.0
1939,fingerprint_544,0.0
1940,fingerprint_543,0.0
1941,fingerprint_542,0.0
1942,fingerprint_645,0.0
1943,fingerprint_649,0.0
1944,fingerprint_790,0.0
1945,fingerprint_761,0.0
1946,fingerprint_759,0.0
1947,fingerprint_758,0.0
1948,fingerprint_755,0.0
1949,fingerprint_754,0.0
1950,fingerprint_753,0.0
1951,fingerprint_752,0.0
1952,fingerprint_750,0.0
1953,fingerprint_748,0.0
1954,fingerprint_747,0.0
1955,fingerprint_746,0.0
1956,fingerprint_745,0.0
1957,fingerprint_744,0.0
1958,fingerprint_743,0.0
1959,fingerprint_742,0.0
1960,fingerprint_741,0.0
1961,fingerprint_740,0.0
1962,fingerprint_739,0.0
1963,fingerprint_737,0.0
1964,fingerprint_736,0.0
1965,fingerprint_735,0.0
1966,fingerprint_734,0.0
1967,fingerprint_733,0.0
1968,fingerprint_732,0.0
1969,fingerprint_760,0.0
1970,fingerprint_762,0.0
1971,fingerprint_730,0.0
1972,fingerprint_764,0.0
1973,fingerprint_789,0.0
1974,fingerprint_788,0.0
1975,fingerprint_787,0.0
1976,fingerprint_786,0.0
1977,fingerprint_785,0.0
1978,fingerprint_784,0.0
1979,fingerprint_783,0.0
1980,fingerprint_782,0.0
1981,fingerprint_781,0.0
1982,fingerprint_780,0.0
1983,fingerprint_779,0.0
1984,fingerprint_778,0.0
1985,fingerprint_776,0.0
1986,fingerprint_775,0.0
1987,fingerprint_774,0.0
1988,fingerprint_773,0.0
1989,fingerprint_772,0.0
1990,fingerprint_771,0.0
1991,fingerprint_770,0.0
1992,fingerprint_769,0.0
1993,fingerprint_768,0.0
1994,fingerprint_767,0.0
1995,fingerprint_765,0.0
1996,fingerprint_731,0.0
1997,fingerprint_729,0.0
1998,fingerprint_650,0.0
1999,fingerprint_692,0.0
2000,fingerprint_690,0.0
2001,fingerprint_687,0.0
2002,fingerprint_686,0.0
2003,fingerprint_684,0.0
2004,fingerprint_683,0.0
2005,fingerprint_682,0.0
2006,fingerprint_678,0.0
2007,fingerprint_677,0.0
2008,fingerprint_676,0.0
2009,fingerprint_673,0.0
2010,fingerprint_671,0.0
2011,fingerprint_670,0.0
2012,fingerprint_669,0.0
2013,fingerprint_668,0.0
2014,fingerprint_662,0.0
2015,fingerprint_661,0.0
2016,fingerprint_660,0.0
2017,fingerprint_659,0.0
2018,fingerprint_658,0.0
2019,fingerprint_655,0.0
2020,fingerprint_654,0.0
2021,fingerprint_653,0.0
2022,fingerprint_651,0.0
2023,fingerprint_691,0.0
2024,fingerprint_693,0.0
2025,fingerprint_724,0.0
2026,fingerprint_695,0.0
2027,fingerprint_723,0.0
2028,fingerprint_722,0.0
2029,fingerprint_720,0.0
2030,fingerprint_719,0.0
2031,fingerprint_718,0.0
2032,fingerprint_717,0.0
2033,fingerprint_716,0.0
2034,fingerprint_714,0.0
2035,fingerprint_713,0.0
2036,fingerprint_712,0.0
2037,fingerprint_711,0.0
2038,fingerprint_710,0.0
2039,fingerprint_708,0.0
2040,fingerprint_706,0.0
2041,fingerprint_705,0.0
2042,fingerprint_704,0.0
2043,fingerprint_703,0.0
2044,fingerprint_702,0.0
2045,fingerprint_700,0.0
2046,fingerprint_699,0.0
2047,fingerprint_698,0.0
2048,fingerprint_697,0.0
2049,fingerprint_696,0.0
2050,fingerprint_902,0.0
